Startup,Sector,Business model,Employee count 2Q 2023,Employment taxes 2Q 2023,Turnover 2Q 2023,Year founded
 Bolt,Transportation & Logistics,B2B2C,1290,€ 9M,€ 302.5M,2013
 Wise,FinTech,"B2B, C2C, B2C",1899,€ 8.7M,€ 54.6K,2013
 Veriff,CyberTech,"B2B, B2B2C",330,€ 2.4M,€ 18.1M,2015
 Monese,FinTech,-,240,€ 1.6M,€ 74K,2015
 Starship Technol...,Transportation & Logistics,-,166,€ 1.4M,€ 5.4M,2014
 Glia,Communication,"B2B, B2B2C",159,€ 1.2M,€ 3.6M,2016
 Milrem Robotics,Transportation & Logistics,"B2B, B2G",192,€ 1.1M,€ 3.9M,2013
 Eurora Solutions,Business software & HR,"B2B, B2C",150,€ 1.1M,€ 1.4M,2018
 Katana MRP,Advanced Manufacturing & Industry,"B2B, B2C, B2B2C",114,€ 960.7K,€ 1.7M,2017
 Swappie,Consumer products and services,B2C,409,€ 863.7K,€ 6.6M,2020
 Deel,Business software & HR,"B2B, B2B2C",104,€ 838.4K,€ 1.3K,2021
 Tuum,FinTech,B2B,71,€ 780.2K,€ 1.7M,2019
 Comodule,CleanTech,"B2B, B2C, B2B2C",130,€ 719.4K,€ 6.8M,2014
 Scoro,Business software & HR,B2B,90,€ 609.3K,€ 3.4M,2013
 3Commas,FinTech,"B2B, B2C, B2B2C",38,€ 563.3K,€ 3.4M,2016
 Xolo OÜ,FinTech,"B2B, B2C",93,€ 541.3K,€ 1.5M,2015
 ONOFF APP OÜ,Communication,B2B2C,70,€ 536.8K,€ 2.6M,2014
 Testlio,Business software & HR,-,51,€ 475.3K,€ 1.4M,2013
 CybExer Technolo...,CyberTech,-,43,€ 469.2K,€ 938.9K,2016
 GoWorkAbit,Business software & HR,-,276,€ 459.2K,€ 1.3M,2013
 Threod Systems,SpaceTech,-,97,€ 409.2K,€ 3.8M,2012
 Change Invest,FinTech,B2C,44,€ 390.7K,€ 142.3K,2016
 Salv,FinTech,B2B,57,€ 369K,€ 575.2K,2018
 Klaus,Business software & HR,"B2B, B2C",46,€ 350.8K,€ 1.8M,2018
 Pactum AI OÜ,Business software & HR,"B2B, B2C, B2B2C",34,€ 329.1K,€ 1.7K,2019
 RangeForce,CyberTech,B2B,32,€ 314.9K,€ 1.1M,2014
 Turnit,TravelTech,"B2B, B2G, B2B2C",48,€ 298.5K,€ 1.2M,2014
 Roofit.solar,CleanTech,"B2B, B2C, B2B2C",56,€ 293.1K,€ 1.4M,2016
 Bob W,TravelTech,"B2B, B2C",60,€ 281K,€ 496.8K,2018
 Fractory,Advanced Manufacturing & Industry,B2B,35,€ 280.3K,€ 2.4M,2017
 Planet42,FinTech,"B2C, B2B2C",34,€ 277.5K,€ 532.9K,2017
 Auve,Transportation & Logistics,"B2B, B2B2C",47,€ 269K,€ 392.6K,2017
 EstateGuru,FinTech,"B2B, B2C, B2B2C",38,€ 250.9K,-,2013
 Wolf3D,Gaming,"B2B, B2B2C",32,€ 246.7K,€ 698.5K,2013
 Silen,Advanced Manufacturing & Industry,-,53,€ 236.1K,€ 3.7M,2018
 OCCO,Business software & HR,B2B,34,€ 234.8K,€ 4.5M,2016
 eAgronom,AgTech & FoodTech,B2B,32,€ 229.8K,€ 489.2K,2016
 MRP Easy,Business software & HR,B2B,30,€ 225.9K,€ 1.4M,2014
 Viveo Health,"HealthTech, Life sciences & Wellness",B2B,10,€ 217.4K,€ 2.1K,2017
 VOOL,CleanTech,B2B2C,34,€ 205K,€ 138.6K,2018
 GScan,Advanced Manufacturing & Industry,"B2B, B2G",42,€ 202.3K,€ 1.1M,2018
 Jobbatical,Business software & HR,B2B2C,29,€ 195.9K,€ 1.7M,2014
 MCF,Communication,B2B,27,€ 189.5K,€ 346.1K,2016
 HUUM,Consumer products and services,-,35,€ 182.8K,€ 2.7M,2013
 CyberCube Analyt...,CyberTech,B2B,20,€ 175K,€ 783.4K,2019
 Insly Ltd,FinTech,"B2B, B2B2C",42,€ 173.6K,€ 737K,2013
 R8 TECHNOLOGIES,PropTech & Construction,B2B,30,€ 170.1K,€ 543.7K,2017
 Car Rental Gatew...,TravelTech,B2B,41,€ 164.2K,€ 445.7K,2016
 Topia,Business software & HR,-,30,€ 164.1K,€ 857.9K,2014
 Moss Estonia,FinTech,B2B,13,€ 163.1K,€ 445.7K,2021
 Lingvist,EdTech,B2C,28,€ 154.1K,€ 902.7K,2012
 SkySelect,Transportation & Logistics,B2B,15,€ 152.4K,€ 425.4K,2017
 Fiizy,FinTech,B2B2C,13,€ 152.3K,€ 2.3M,2014
 Stargate Hydroge...,Advanced Manufacturing & Industry,B2B,27,€ 148.5K,€ 132.7K,2021
 Shopz.com,Consumer products and services,B2B,28,€ 146.3K,€ 566.1K,2020
 Solarstone,CleanTech,"B2B, B2C, B2B2C",39,€ 146.2K,€ 1.2M,2015
 Paxful,FinTech,"B2C, B2B2C",-,€ 139.6K,€ 30.7K,2016
 Outvio OÜ,Business software & HR,B2B2C,21,€ 137.7K,€ 438.6K,2017
 EyeVi Technologi...,Transportation & Logistics,B2B,29,€ 136.6K,€ 145.2K,2020
 Ampler Bikes,Transportation & Logistics,B2C,80,€ 134K,€ 2.7M,2014
 PowerUp Fuel Cel...,CleanTech,"B2B, B2B2C",30,€ 125.6K,€ 186.4K,2016
 Overstep by Game...,Gaming,"B2B, B2C",39,€ 118.7K,€ 972.9K,2015
 Bikeep,Transportation & Logistics,"B2B, B2G, B2B2C",29,€ 114.9K,€ 1.1M,2012
 Fairown,FinTech,B2B2C,18,€ 114.2K,-,2018
 KOOS.io,FinTech,"B2B, B2B2C",14,€ 113.9K,€ 27.2K,2021
 Fusebox Energy,CleanTech,B2B,15,€ 112.6K,€ 109.1K,2014
 LightCode Photon...,Advanced Manufacturing & Industry,B2B,21,€ 111.8K,€ 1.1K,2020
 VARCUS Solutions,Transportation & Logistics,B2B,25,€ 111K,€ 494.4K,2020
 Evocon OÜ,Advanced Manufacturing & Industry,B2B,22,€ 108.8K,€ 694.6K,2016
 Messente Communi...,CyberTech,B2B,17,€ 107.4K,€ 5.5M,2013
 CoinMetro Group ...,FinTech,"C2C, B2C",16,€ 106.5K,€ 26K,2018
 KWOTA,CleanTech,B2B,9,€ 102.9K,€ 1.9K,2021
 LEI Register,FinTech,B2B,22,€ 100.9K,€ 3.3M,2018
 Funderbeam.,FinTech,"B2C, B2B2C",11,€ 98.4K,€ 264.1K,2013
 Tuul,Transportation & Logistics,B2C,70,€ 98.1K,€ 573.2K,2021
 1oT,Communication,B2B,28,€ 96.1K,€ 1.1M,2016
 ESTO,FinTech,B2B2C,27,€ 95.8K,€ 182.5K,2017
 Agrello,Business software & HR,"B2B, B2C, B2B2C",12,€ 95.1K,€ 29.9K,2017
 Weekdone,Business software & HR,B2B,10,€ 94.1K,€ 196.2K,2012
 Rendin,PropTech & Construction,"B2C, B2B2C",20,€ 94K,€ 39.4K,2019
 Certific OÜ,"HealthTech, Life sciences & Wellness","B2B, B2C",13,€ 92.2K,€ 49.4K,2020
 Sentinel,CyberTech,"B2B, B2G",8,€ 91.8K,€ 20.2K,2018
 DefSecIntel,CyberTech,"B2B, B2G",10,€ 91.1K,€ 3.5M,2018
 Area9 Rhapsode,EdTech,"B2B, B2G, B2B2C",23,€ 90.4K,€ 227K,2021
 MyDello,Transportation & Logistics,B2B,11,€ 88.5K,€ 1.1M,2018
 MotherLink,AdTech & Creative Tech,B2B,22,€ 87.3K,€ 1M,2017
 Liigu,TravelTech,B2C,38,€ 87K,€ 150.6K,2021
 MINDTITAN,Business software & HR,B2B,28,€ 85.9K,€ 489.4K,2016
 NodeSWAT,Business software & HR,-,15,€ 85.6K,€ 465.2K,2012
 SensusQ,Communication,"B2B, B2G",17,€ 84.8K,€ 5.7K,2020
 Ultra,Gaming,B2C,12,€ 83.2K,€ 1.5M,2018
 GlobalReader,Advanced Manufacturing & Industry,B2B,18,€ 82.4K,€ 345.8K,2014
 Uku,Consumer products and services,"B2B, B2B2C",17,€ 82.1K,€ 426.9K,2017
 Alpha3D,Consumer products and services,B2B,13,€ 76.7K,€ 210.4K,2018
 FoodDocs,AgTech & FoodTech,B2B,10,€ 73.4K,€ 204.5K,2017
 Depowise,FinTech,B2B,8,€ 73.3K,€ 347.7K,2021
 Citybee,Transportation & Logistics,B2C,22,€ 72.9K,€ 4.4M,2019
 CoinsPaid,FinTech,"B2B, B2C",7,€ 72.9K,€ 2.9M,2019
 Credy,FinTech,B2C,13,€ 72.8K,€ 2.4M,2015
 MeetFrank,Business software & HR,"B2B, B2B2C",9,€ 71.7K,€ 219.5K,2017
 Multilogin,CyberTech,"B2B, B2C",10,€ 70.9K,€ 2.7M,2015
 Smaily email mar...,Business software & HR,"B2C, B2B2C",14,€ 69.8K,€ 390.7K,2015
 Gridio,CleanTech,"B2C, B2B2C",10,€ 67.3K,€ 26.7K,2018
 Binalyze,CyberTech,"B2B, B2C",4,€ 66.7K,€ 2.4M,2018
 FeelingStream,Business software & HR,B2B,10,€ 66.6K,€ 248.9K,2015
 Hepta Airborne (...,CleanTech,"B2B, B2G",19,€ 66.2K,€ 152K,2017
 Antegenes,"HealthTech, Life sciences & Wellness","B2B, B2G, B2C, B2B2C",14,€ 66.1K,€ 99.2K,2018
 Modash,AdTech & Creative Tech,B2B,10,€ 65.2K,€ 1.3M,2018
 Spaceit,SpaceTech,"B2B, B2B2C",9,€ 65.2K,€ 46.2K,2015
 Yaga,Consumer products and services,C2C,12,€ 64.9K,€ 465.5K,2017
 Clickwork Games,Gaming,-,12,€ 64.5K,€ 8.1K,2019
 RecruitLab,Business software & HR,"B2B, B2G",8,€ 63.5K,€ 153.6K,2020
 Synctuition OÜ,"HealthTech, Life sciences & Wellness","B2B, B2C",15,€ 60.9K,€ 874.1K,2016
 KappaZeta,SpaceTech,"B2B, B2G",16,€ 60.7K,€ 93.1K,2015
 Opiq,EdTech,"B2B, B2B2C",15,€ 59.7K,€ 222.8K,2013
 Woola,CleanTech,B2B,10,€ 59.2K,€ 171K,2020
 FanSifter,AdTech & Creative Tech,B2B,6,€ 58.4K,€ 12.1K,2019
 yummy,AgTech & FoodTech,B2C,24,€ 57.1K,€ 494.1K,2020
 Kodea OÜ,Advanced Manufacturing & Industry,B2B,4,€ 56.4K,€ 611.1K,2018
 VIVITA Internati...,EdTech,B2C,9,€ 56.3K,€ 7K,2018
 Bidrento,PropTech & Construction,B2B,9,€ 56.2K,€ 83.7K,2019
 Viseven,Business software & HR,-,11,€ 55.9K,€ 8.7M,2014
 Werk,PropTech & Construction,B2B,8,€ 55.6K,€ 8.6K,2020
 Fintech-Market,FinTech,"B2B, B2B2C",12,€ 54K,€ 207.3K,2018
 Haut.AI,"HealthTech, Life sciences & Wellness",B2B,6,€ 53.6K,€ 805.9K,2018
 Timbeter,Advanced Manufacturing & Industry,-,14,€ 52.4K,€ 89.4K,2013
 Eziil Production...,Advanced Manufacturing & Industry,B2B,13,€ 50.8K,€ 159.7K,2016
 Fyma OÜ,PropTech & Construction,"B2B, B2G",6,€ 50.8K,€ 53.3K,2017
 Mekl,Business software & HR,B2B,2,€ 50.8K,€ 823.2K,2019
 Activate Health,"HealthTech, Life sciences & Wellness","B2B, B2C, B2B2C",10,€ 50.3K,€ 1.6K,2020
 Teamscope,Business software & HR,B2B,8,€ 49.4K,€ 97K,2015
 Arbonics,CleanTech,B2B,6,€ 49K,€ 38.2K,2022
 Salto X,FinTech,B2B2C,5,€ 48.9K,€ 168.1K,2021
 Lightyear,FinTech,-,9,€ 48.6K,-,2021
 Outfunnel,AdTech & Creative Tech,B2B,4,€ 48.4K,€ 168K,2018
 Stakin,FinTech,"B2B, B2C, B2B2C",-,€ 47.9K,€ 183.4K,2020
 Remato,PropTech & Construction,B2B,8,€ 47.8K,€ 197.4K,2018
 Soter Analytics,"HealthTech, Life sciences & Wellness","B2B, B2G",8,€ 47.5K,€ 526,2016
 Avokaado,Business software & HR,B2B,9,€ 47.4K,€ 176.4K,2016
 Nanordica Medica...,"HealthTech, Life sciences & Wellness","B2B, B2B2C",7,€ 46.1K,€ 14.8K,2019
 Degritter,Consumer products and services,B2B2C,17,€ 45.9K,€ 575.9K,2015
 Hotelbuddy,TravelTech,B2B,5,€ 45.8K,€ 15.1K,2021
 Reiterate,Business software & HR,B2B,8,€ 45.6K,€ 20.6K,2021
 Pocopay,FinTech,-,6,€ 45.5K,€ 181.5K,2014
 EFENCO,CleanTech,B2B,9,€ 45.5K,€ 22.8K,2015
 Bankish,FinTech,B2B,9,€ 45.5K,€ 144.8K,2017
 Gelatex,Advanced Manufacturing & Industry,B2B,9,€ 45.1K,€ 62.9K,2016
 Atomic Wallet,FinTech,B2C,5,€ 44.9K,€ 1.8M,2018
 Superhands,CleanTech,"B2B, B2C, B2B2C",12,€ 44.9K,€ 240.1K,2014
 H2Electro,CleanTech,B2B,7,€ 44.4K,€ 26.3K,2021
 Up Catalyst,CleanTech,B2B,18,€ 44.3K,€ 136.7K,2019
 Vegvisir,Advanced Manufacturing & Industry,"B2B, B2G",5,€ 44K,€ 60.2K,2021
 Airobot,CleanTech,"B2B, B2C",8,€ 43.7K,€ 388.9K,2021
 99math,EdTech,"B2C, B2B2C",7,€ 43.7K,-,2019
 Nevercode,Business software & HR,B2B,8,€ 43K,€ 150.6K,2015
 Guardarian OU,FinTech,"B2B, B2C, B2B2C",9,€ 42.5K,€ 349.6K,2017
 Resys,FinTech,-,7,€ 41.6K,€ 272.1K,2016
 Dashbird,Business software & HR,-,5,€ 40.3K,€ 173K,2017
 Ringo,CleanTech,B2B2C,28,€ 39.7K,€ 105K,2020
 SoftComply,"HealthTech, Life sciences & Wellness",B2B,7,€ 39.6K,€ 148.9K,2016
 Machineric,Business software & HR,B2B,8,€ 39.5K,€ 29.1K,2020
 Vok Bikes,Transportation & Logistics,"B2B, B2B2C",23,€ 39.1K,€ 189.1K,2019
 Mediamodifier,AdTech & Creative Tech,"B2B, B2C, B2B2C",11,€ 39K,€ 137.3K,2019
 Soulie,Communication,B2C,7,€ 39K,€ 5.1K,2017
 Scanbro,Advanced Manufacturing & Industry,B2B,5,€ 38.2K,€ 42.9K,2017
 Wert,FinTech,"B2B, B2B2C",6,€ 38K,-,2020
 Respiray,"HealthTech, Life sciences & Wellness","B2B, B2C",7,€ 37.9K,€ 154.2K,2020
 PARSIQ,FinTech,"B2B, B2C",9,€ 37.8K,€ 594.1K,2018
 Miros,Communication,B2B,8,€ 37.7K,€ 238.2K,2019
 NEXD,AdTech & Creative Tech,"B2B, B2B2C",17,€ 37.6K,€ 517K,2015
 CARGOSON,Business software & HR,B2B,10,€ 37.5K,€ 136.6K,2018
 TEXTA OÜ,Communication,"B2B, B2G",6,€ 37.4K,€ 26.8K,2016
 Supersimple,Business software & HR,B2B,4,€ 37.4K,€ 5.5K,2022
 HIGH MOBILITY,Transportation & Logistics,B2B2C,6,€ 37.3K,€ 107.1K,2013
 Better Medicine,"HealthTech, Life sciences & Wellness","B2B, B2G",9,€ 37.1K,€ 30.1K,2020
 Laava Tech,AgTech & FoodTech,"B2B, B2C",3,€ 37K,€ 44.1K,2015
 REBELROAM OÜ,CyberTech,"B2B, B2B2C",8,€ 36.9K,€ 802.3K,2015
 Praktikal,EdTech,"B2B, B2G, B2C",14,€ 36.9K,€ 26.4K,2021
 self-driving ELM...,Transportation & Logistics,"B2B, B2C, B2B2C",23,€ 36.7K,€ 232.1K,2017
 FleetFox,CleanTech,B2B,9,€ 36.4K,€ 129.8K,2017
 Striga,FinTech,B2B2C,5,€ 36.2K,€ 165.2K,2021
 SPACEDRIP,CleanTech,B2B,9,€ 36.1K,€ 76.5K,2020
 Autobahn,Transportation & Logistics,"B2B, B2B2C",3,€ 35.7K,€ 113.7K,2013
 10Lines,Advanced Manufacturing & Industry,B2B,6,€ 35.4K,€ 15.2K,2019
 Gratitude Servic...,Consumer products and services,"B2B, B2C",16,€ 35.4K,€ 139.4K,2019
 Thinnect,Communication,B2B,9,€ 34.8K,€ 79.1K,2015
 Paywerk,FinTech,"B2B, B2C, B2B2C",2,€ 34.6K,€ 58.4K,2021
 Wois,Communication,"B2B, B2C",5,€ 34.4K,€ 84.4K,2021
 Coursy.io,Business software & HR,"B2B, B2G, B2B2C",7,€ 34.2K,€ 142.2K,2019
 Advapay,FinTech,B2B,4,€ 34K,-,2019
 Allies,Business software & HR,B2B,4,€ 33.5K,€ 101.5K,2018
 Rexplorer,CleanTech,"B2B, B2G",5,€ 33.4K,€ 15.9K,2020
 PRNEWS.IO,AdTech & Creative Tech,"B2B, B2B2C",9,€ 33.3K,€ 830.2K,2018
 Autlo OÜ,Transportation & Logistics,B2B2C,10,€ 33.2K,€ 172K,2013
 Income,FinTech,"B2B, B2C",5,€ 32.8K,€ 37.2K,2020
 Siffi,"HealthTech, Life sciences & Wellness","B2B, B2B2C",11,€ 32.8K,€ 178.8K,2019
 RAIKU,CleanTech,B2B,8,€ 32.7K,€ 3.4K,2021
 BLE Locking,Consumer products and services,"B2B, B2C, B2B2C",7,€ 32.5K,€ 54.3K,2018
 Envelope.,AdTech & Creative Tech,B2B,7,€ 31.4K,€ 5.5K,2020
 Companio,Business software & HR,B2B,5,€ 31.3K,€ 478.9K,2018
 Cocone,Gaming,B2C,1,€ 31.2K,€ 1.1K,2022
 Single.Earth,CleanTech,B2B,7,€ 30.8K,€ 20.6K,2019
 AYREN,-,"B2B, B2B2B, B2G, B2C, B2B2C",19,€ 30.8K,€ 508.2K,2023
 Dermtest OÜ,"HealthTech, Life sciences & Wellness","B2B, B2G, B2B2C",9,€ 30.8K,€ 34.2K,2013
 Patchstack,CyberTech,B2B,5,€ 30.3K,€ 352.7K,2017
 Mothership,FinTech,"B2B, B2C",2,€ 29.4K,€ 120.5K,2017
 Dexatel,Communication,"B2B, B2B2C",5,€ 29.1K,€ 5.3M,2015
 Crowdestate,FinTech,"B2B, B2C",3,€ 29.1K,€ 169.7K,2019
 Scalacube,Gaming,B2C,5,€ 28.8K,€ 2M,2019
 Fitlap OÜ,"HealthTech, Life sciences & Wellness",B2C,7,€ 28.4K,€ 173K,2015
 Waybiller OÜ,Advanced Manufacturing & Industry,B2B,6,€ 28K,€ 64.7K,2017
 Supervisely,Business software & HR,B2B,4,€ 28K,€ 313.5K,2020
 PRFCT,Communication,B2B,2,€ 26.5K,€ 3.5K,2021
 Elsavie,"HealthTech, Life sciences & Wellness","B2B, B2C",12,€ 26.1K,€ 115.7K,2020
 PDF Generator AP...,Business software & HR,B2B,3,€ 25.9K,€ 222.9K,2012
 Saunum,Consumer products and services,B2C,1,€ 25.7K,€ 4.4K,2014
 Lydian,AdTech & Creative Tech,"B2B, B2B2C",8,€ 25.6K,€ 56.7K,2018
 Mifundo,FinTech,B2B2C,3,€ 25.2K,€ 6.5K,2018
 YuMuuv,"HealthTech, Life sciences & Wellness","B2B, B2B2C",2,€ 25.2K,€ 140.4K,2019
 eID Easy,CyberTech,"B2B, B2B2C",4,€ 25.1K,€ 94.1K,2016
 RunProperty.com,PropTech & Construction,B2B,9,€ 25K,€ 21.5K,2021
 Moderan Solution...,PropTech & Construction,B2B,6,€ 24.8K,€ 107.7K,2015
 Cloud Factory,Advanced Manufacturing & Industry,"B2B, B2B2C",7,€ 24.7K,€ 24.8K,2017
 GPO,CleanTech,"B2B, B2C, B2B2C",6,€ 24.7K,€ 16.7K,2020
 Sentinel dVPN,CyberTech,B2C,3,€ 24.4K,€ 119.2K,2021
 Marduk Technolog...,SpaceTech,"B2B, B2G",8,€ 24K,€ 24.9K,2016
 Reverse Resource...,CleanTech,B2B,4,€ 23.9K,€ 131.8K,2014
 Salu,"HealthTech, Life sciences & Wellness","B2C, B2B2C",8,€ 23.8K,€ 50.5K,2021
 Mentornaut,EdTech,B2C,13,€ 23.7K,€ 12.8K,2020
 KrattWorks,CleanTech,"B2B, B2G",16,€ 23K,€ 183.3K,2018
 Relancer,Business software & HR,B2B,3,€ 22.9K,€ 22.4K,2020
 Parcelfellow,Transportation & Logistics,B2B2C,13,€ 22.6K,€ 297.3K,2014
 Migrevention,"HealthTech, Life sciences & Wellness","B2B, B2C, B2B2C",6,€ 22.2K,-,2020
 Exponaut,AdTech & Creative Tech,B2B,6,€ 22.1K,€ 110.4K,2020
 Clanbeat,EdTech,"B2B, B2G",11,€ 21.7K,€ 46.4K,2018
 GIG-A,FinTech,"B2C, B2B2C",-,€ 21K,€ 22.5K,2021
 Grab2Go,Consumer products and services,"B2B, B2C",1,€ 20.7K,€ 4.1K,2020
 SPEAKLY,EdTech,"B2B, B2C",5,€ 20.6K,€ 343.9K,2018
 Fairmus,Consumer products and services,B2B2C,3,€ 20.6K,€ 6.7K,2020
 ÄIO,AgTech & FoodTech,B2B,7,€ 20.3K,€ 10.8K,2022
 Rephop,FinTech,B2B,2,€ 20K,€ 52.9K,2013
 Hausing,PropTech & Construction,"B2B, B2C, B2B2C",6,€ 19.8K,€ 35.4K,2017
 QDO,Business software & HR,B2B,5,€ 19.7K,€ 72.2K,2019
 Digital Sputnik,AdTech & Creative Tech,"B2B, B2C",6,€ 19.6K,€ 27.8K,2014
 Envoice,FinTech,B2B,7,€ 19.6K,€ 133.7K,2014
 5.0 Robotics,Advanced Manufacturing & Industry,B2B2C,1,€ 19.4K,€ 165K,2020
 Traxnet,AdTech & Creative Tech,-,1,€ 19.2K,-,2018
 Creatomus Soluti...,PropTech & Construction,"B2B, B2G",4,€ 19.1K,€ 110.1K,2015
 Investly,FinTech,B2B,4,€ 19K,€ 75.2K,2014
 Happy Helper,Consumer products and services,B2B2C,-,€ 19K,€ 3.4K,2022
 CostPocket,FinTech,B2B,5,€ 18.7K,€ 159.3K,2016
 Levercode,CyberTech,-,2,€ 18.5K,€ 314.6K,2012
 Rapidworks,Advanced Manufacturing & Industry,B2B,-,€ 18.2K,€ 294,2022
 CUPLOOP,CleanTech,"B2B, B2B2C",6,€ 17.7K,€ 47.6K,2018
 Edumus,EdTech,B2B,5,€ 17.4K,-,2020
 ExtendLaw OÜ,Business software & HR,B2B,5,€ 17.4K,€ 151K,2016
 Wayren,CyberTech,B2B,3,€ 17.1K,€ 5.2K,2020
 Leil Storage,Business software & HR,B2B,5,€ 17K,€ 1.5M,2022
 Eliis,EdTech,"B2B, B2G, B2C",6,€ 16.9K,€ 89.6K,2013
 Workbite.ee,Business software & HR,"B2B, B2C, B2B2C",156,€ 16.7K,€ 79.2K,2021
 InstaComm,Business software & HR,B2B,4,€ 16.7K,€ 2.1M,2019
 Vespia,CyberTech,B2B,1,€ 16.7K,€ 34.8K,2020
 ParcelSea,Transportation & Logistics,"B2B, B2C, B2B2C",2,€ 16.6K,€ 44.7K,2020
 Hygify,"HealthTech, Life sciences & Wellness","B2B, B2B2C",5,€ 16.3K,€ 50.7K,2018
 Quantfall,CyberTech,B2B,3,€ 16.3K,€ 79K,2021
 Futuclass,EdTech,"B2G, B2C, B2B2C",3,€ 16.1K,€ 17.1K,2019
 Themo,CleanTech,B2B,4,€ 15.7K,€ 94.9K,2014
 Kriptomat,FinTech,B2C,3,€ 15.4K,€ 260K,2018
 FleetGuru,Business software & HR,B2B,1,€ 15.3K,€ 53K,2020
 ALPA Kids,EdTech,"B2B, B2G, B2C",6,€ 15.3K,€ 50.2K,2018
 Advendor,AdTech & Creative Tech,-,-,€ 15.3K,€ 9.6K,2014
 hi.com,FinTech,"B2B, B2C, B2B2C",-,€ 15.2K,€ 132.1K,2020
 Fienta,AdTech & Creative Tech,"B2B, B2C",4,€ 15K,€ 267.6K,2014
 Digiotouch,Business software & HR,"B2B, B2C, B2B2C",-,€ 14.8K,€ 1.8K,2018
 InfraFly,Business software & HR,B2B,3,€ 14.6K,€ 5.3K,2017
 VeeRa,FinTech,"B2B, B2B2B, B2G",4,€ 14.4K,€ 102.1K,2016
 Botguard,CyberTech,B2B,2,€ 14.3K,€ 112.3K,2019
 Fundvest,FinTech,"B2C, B2B2C",5,€ 14.1K,€ 17.1K,2020
 NeuraKinesis,"HealthTech, Life sciences & Wellness","B2B, C2C",4,€ 14K,€ 191.2K,2017
 Vocal Image,EdTech,B2C,-,€ 13.9K,€ 528K,2021
 FitQ OÜ,"HealthTech, Life sciences & Wellness",B2C,4,€ 13.7K,€ 3.1K,2020
 AdoptoMedia,AdTech & Creative Tech,B2B,6,€ 13.7K,€ 39.5K,2017
 Hundred5,Business software & HR,-,3,€ 13.6K,€ 318.9K,2017
 Formaloo,Business software & HR,B2B,6,€ 13.6K,€ 29.1K,2020
 Synbase,"HealthTech, Life sciences & Wellness","B2B, B2G",3,€ 13.2K,€ 1.3M,2016
 Bacca,Business software & HR,"B2B, B2G, B2B2C",3,€ 13.1K,€ 143.3K,2018
 HUGO.legal,Business software & HR,"B2B, C2C",6,€ 13K,€ 196.1K,2015
 Narayana,CyberTech,"B2B, B2C",4,€ 12.9K,€ 62K,2015
 LANDEX,FinTech,"B2B, B2C",-,€ 12.9K,-,2021
 Cerebrum Hub,EdTech,B2C,5,€ 12.9K,€ 68.4K,2022
 Hoovi,FinTech,B2B,3,€ 12.8K,€ 51.8K,2018
 Bladestorm,Gaming,B2C,1,€ 12.8K,€ 69.3K,2020
 ProBit Exchange,FinTech,"B2B, B2C",3,€ 12.7K,€ 35K,2020
 Adact,AdTech & Creative Tech,B2B,4,€ 12.7K,€ 47.3K,2019
 Biometric OÜ,"HealthTech, Life sciences & Wellness","B2B, B2C",2,€ 12.6K,€ 127.9K,2016
 Fleep,Business software & HR,-,-,€ 12.6K,€ 31.1K,2012
 Calidity,CleanTech,B2B,8,€ 12.4K,€ 57.5K,2016
 Cake Print,Consumer products and services,"B2B, B2C",-,€ 11.8K,€ 21.2K,2018
 Devolon,FinTech,"B2B, B2C",2,€ 11.7K,€ 319.4K,2014
 Moticheck,Business software & HR,B2B,2,€ 11.5K,€ 22.3K,2021
 Worksup,AdTech & Creative Tech,"B2B, B2G",3,€ 11.3K,€ 20.3K,2018
 Promoty,AdTech & Creative Tech,B2B,5,€ 11.2K,€ 488.6K,2017
 Myceen,CleanTech,"B2B, B2C",4,€ 11.1K,€ 1.7K,2021
 ElecZap,Business software & HR,"B2B, B2B2C",2,€ 11.1K,€ 122K,2021
 CTF Tech,CyberTech,"B2B, B2G, B2C",17,€ 11K,€ 1.3K,2020
 SOMA Smart Home,Consumer products and services,"B2B, B2C",6,€ 11K,€ 16.7K,2013
 Askly,Business software & HR,B2B,6,€ 10.9K,€ 10.6K,2018
 cyberarch consul...,CyberTech,"B2B, B2G, B2C",4,€ 10.7K,€ 73.4K,2018
 Wisby,Advanced Manufacturing & Industry,B2B,4,€ 10.3K,€ 584.6K,2021
 M-Flowers.,Business software & HR,B2B,2,€ 10.3K,-,2021
 BASIS ID,CyberTech,"B2B, B2C",1,€ 10.3K,€ 36.4K,2016
 NutriLoop,CleanTech,"B2B, B2G, B2C",4,€ 10.1K,€ 7.6K,2018
 Optimyse,Business software & HR,B2B,3,€ 10.1K,€ 175.5K,2018
 Grows Global,FinTech,B2C,2,€ 10.1K,-,2022
 Go Vertic,CleanTech,-,4,€ 9.9K,€ 581.6K,2018
 Crezu,FinTech,B2C,2,€ 9.9K,€ 7.7M,2018
 Others,Consumer products and services,"B2B, B2C",2,€ 9.9K,€ 40.5K,2020
 itrays OÜ,Consumer products and services,"B2B, B2B2C",3,€ 9.9K,€ 49.7K,2020
 Retail Robotics ...,Advanced Manufacturing & Industry,B2B2C,1,€ 9.7K,€ 74.7K,2022
 Dotty,Consumer products and services,"B2B, B2C",-,€ 9.7K,€ 34K,2021
 Co-one,Business software & HR,B2B,1,€ 9.7K,€ 22.2K,2021
 Leadfinder,Business software & HR,B2B,4,€ 9.6K,€ 69.7K,2020
 Wonny Apps,Consumer products and services,B2C,-,€ 9.6K,€ 598K,2021
 TutorId,EdTech,B2C,2,€ 9.6K,€ 276,2015
 Excipio,Business software & HR,-,1,€ 9.5K,€ 59.1K,2012
 POINTSHIP,TravelTech,"C2C, B2B2C",1,€ 9.5K,€ 113.1K,2017
 Merkuur OÜ / Mob...,EdTech,"B2B, B2G, B2B2C",6,€ 9.3K,€ 40.9K,2016
 Klovy,TravelTech,-,2,€ 9.3K,€ 50K,2013
 Digital Wedding!,Consumer products and services,"B2G, B2C",2,€ 9.3K,€ 42.6K,2019
 Videolevels OÜ,Consumer products and services,B2B,4,€ 9.3K,€ 36.4K,2016
 Bercman Technolo...,CleanTech,"B2B, B2G",1,€ 9.2K,€ 43.8K,2016
 Koosmeiega,Consumer products and services,"B2B, C2C, B2C",7,€ 9.2K,€ 35.7K,2021
 Woodpecker Syste...,Advanced Manufacturing & Industry,B2B,2,€ 8.5K,€ 54.1K,2015
 reWiLD,CleanTech,"B2B, B2G",6,€ 8.4K,€ 54.2K,2013
 OPTIMO Robotics,Advanced Manufacturing & Industry,B2B,6,€ 8.2K,€ 71K,2020
 CRESPECT,Business software & HR,B2B,1,€ 8.2K,€ 15.8K,2022
 Snacka!,Communication,"B2B, B2C, B2B2C",1,€ 8.1K,€ 28.2K,2021
 Apptastic,AdTech & Creative Tech,B2B,-,€ 8K,€ 143.4K,2019
 Trigon,FinTech,B2B,2,€ 7.9K,€ 54.8K,2020
 Geneto,"HealthTech, Life sciences & Wellness","B2C, B2B2C",-,€ 7.9K,€ 24.2K,2016
 Moning,FinTech,B2C,1,€ 7.8K,€ 106.7K,2018
 Zubax Robotics O...,SpaceTech,"B2B, B2G, B2B2C",3,€ 7.6K,€ 124.5K,2015
 RHOMTRIP,TravelTech,"B2B, B2G, B2C, B2B2C",2,€ 7.6K,€ 321.9K,2018
 Eat Beat,AgTech & FoodTech,"B2B, B2C",1,€ 7.6K,-,2020
 Navicup,TravelTech,"B2G, B2B2C",3,€ 7.3K,€ 43.8K,2019
 Quppy,FinTech,B2B2C,2,€ 7.2K,€ 27.1K,2018
 Kookon,Consumer products and services,-,2,€ 7.1K,€ 244.2K,2016
 Meet Future,AgTech & FoodTech,"B2C, B2B2C",5,€ 7K,-,2021
 Iffent,PropTech & Construction,B2B,1,€ 7K,€ 985,2019
 Flowbase,Advanced Manufacturing & Industry,B2B,3,€ 6.9K,€ 16.7K,2018
 PROSW Analytics,Business software & HR,B2B,1,€ 6.8K,€ 184.5K,2022
 Futugrid,CleanTech,"B2B, B2G, B2C",2,€ 6.8K,-,2019
 The Naturist,AgTech & FoodTech,"B2B, B2C, B2B2C",4,€ 6.8K,€ 19.4K,2022
 Loti Digital,CyberTech,"B2B, B2G, B2B2C",2,€ 6.7K,€ 1K,2020
 Fanclear,FinTech,"B2B, B2C, B2B2C",1,€ 6.7K,€ 17.1K,2020
 CAV Solutions,CyberTech,"B2B, B2B2C",2,€ 6.7K,€ 12.8K,2021
 Triumf Health,"HealthTech, Life sciences & Wellness",B2B,3,€ 6.7K,€ 744,2018
 ContentQuo,Business software & HR,"B2B, B2G",1,€ 6.6K,€ 80.4K,2015
 Adovinci,AdTech & Creative Tech,B2B,1,€ 6.6K,€ 5.7K,2017
 LiTech,Business software & HR,B2B,5,€ 6.6K,€ 31.7K,2018
 AVAR One,Consumer products and services,B2B,2,€ 6.6K,€ 2.7K,2017
 Tradytics,FinTech,B2C,1,€ 6.5K,-,2021
 NEURISIUM,Advanced Manufacturing & Industry,B2B,1,€ 6.5K,€ 68.6K,2017
 Power Algae,AgTech & FoodTech,"B2B, B2B2C",4,€ 6.5K,-,2013
 guavaHR,Communication,B2B,1,€ 6.3K,€ 46.1K,2018
 Reinvest24,FinTech,"B2B, B2C",1,€ 6.1K,€ 88.5K,2017
 Bildly OÜ,PropTech & Construction,B2B,2,€ 6.1K,€ 677,2022
 Basaar,AdTech & Creative Tech,C2C,5,€ 6.1K,€ 35.8K,2013
 Exscudo OU,FinTech,"B2B, B2C",2,€ 6.1K,€ 65.5K,2016
 Appkeep,Business software & HR,B2B,1,€ 6.1K,€ 87.5K,2016
 Bilance,FinTech,B2C,4,€ 6K,-,2019
 Skudo OU,CyberTech,"B2B, B2C, B2B2C",2,€ 6K,€ 4.2K,2019
 Folderit DMS,Business software & HR,B2B,1,€ 6K,€ 56.8K,2014
 RingStone,Business software & HR,B2B,1,€ 5.9K,€ 12.9K,2020
 Onde,Transportation & Logistics,B2B,2,€ 5.8K,€ 2M,2018
 Lennuabi,TravelTech,B2C,3,€ 5.8K,€ 72K,2016
 YESTER,Business software & HR,B2B,3,€ 5.7K,€ 43.6K,2020
 Menken Trials,"HealthTech, Life sciences & Wellness",B2B,3,€ 5.6K,€ 6.8K,2021
 Energiaoksjon,Business software & HR,"B2B, B2G",1,€ 5.6K,€ 205.1K,2018
 GDPR Register,Business software & HR,B2B,1,€ 5.6K,€ 28.2K,2018
 JxBrowser,Business software & HR,B2B,3,€ 5.5K,€ 2.9M,2016
 Polkadex,FinTech,B2C,3,€ 5.4K,€ 304.5K,2020
 AdCatch,AdTech & Creative Tech,"B2B, B2B2C",2,€ 5.4K,€ 18.9K,2022
 ZEETRANCE,Transportation & Logistics,"B2B, B2B2C",2,€ 5.4K,€ 412.2K,2018
 Uplify,AdTech & Creative Tech,B2B2C,2,€ 5.1K,€ 46.2K,2020
 BookSwap,Consumer products and services,"C2C, B2B2C",3,€ 5K,€ 26.5K,2016
 VideoCV OÜ,Business software & HR,B2B,1,€ 4.9K,€ 24.4K,2016
 Traxby,Consumer products and services,"B2B, B2C",5,€ 4.8K,€ 40.2K,2013
 Gallerist,AdTech & Creative Tech,-,2,€ 4.7K,€ 17.3K,2014
 Myinnergo,"HealthTech, Life sciences & Wellness",-,2,€ 4.6K,€ 18.2K,2014
 SpeakTX,"HealthTech, Life sciences & Wellness","B2B, B2G",1,€ 4.6K,€ 9.2K,2022
 iMind,Communication,"B2B, B2G, B2B2C",2,€ 4.6K,€ 294.7K,2021
 Lyfery,FinTech,"B2C, B2B2C",1,€ 4.5K,-,2022
 Votemo,AdTech & Creative Tech,"B2B, B2B2C",2,€ 4.4K,€ 31.5K,2018
 FashLab,AdTech & Creative Tech,B2B2C,1,€ 4.4K,€ 373.5K,2016
 SOLVERHOOD,Business software & HR,B2B,1,€ 4.3K,€ 155.5K,2017
 Room.tv,"HealthTech, Life sciences & Wellness",B2B2C,1,€ 4.3K,€ 82K,2020
 KoFounder l KoTh...,EdTech,"B2B, B2C",2,€ 4.3K,€ 64K,2022
 Auto Coin Cars,FinTech,"B2B, B2B2C",3,€ 4.3K,-,2018
 Zerofy,CleanTech,B2C,1,€ 4.2K,€ 330.6K,2020
 Trackdeep.ai,SpaceTech,"B2B, B2G",3,€ 4.2K,€ 11K,2021
 DGTal.orbis,AdTech & Creative Tech,B2B,-,€ 4.2K,€ 480K,2019
 BaseTracK,Transportation & Logistics,B2B,1,€ 4.1K,€ 14.3K,2019
 Planlogi,Transportation & Logistics,-,2,€ 4.1K,€ 12.6K,2018
 Official IQ Test,"HealthTech, Life sciences & Wellness",B2C,2,€ 4.1K,€ 6.2K,2020
 PlantInvent,AgTech & FoodTech,B2C,2,€ 3.9K,€ 129,2016
 FitSphere,Consumer products and services,"B2B, B2G, B2C, B2B2C",2,€ 3.9K,€ 60.7K,2020
 SmartMicroPharma...,"HealthTech, Life sciences & Wellness",B2B2C,2,€ 3.9K,€ 23.2K,2017
 Monetiseur,AdTech & Creative Tech,"B2B, B2C",4,€ 3.8K,€ 385,2022
 Paul-Tech,AgTech & FoodTech,B2B,5,€ 3.8K,€ 54.8K,2019
 Ringy,Consumer products and services,"B2C, B2B2C",3,€ 3.8K,€ 191.9K,2020
 LainePoiss,CleanTech,B2B,3,€ 3.7K,€ 4.6K,2016
 QPage.one,Business software & HR,B2B,1,€ 3.6K,€ 20.2K,2020
 Kanvas.ai,Consumer products and services,"B2C, B2B2C",-,€ 3.6K,-,2020
 Crystalspace OÜ,SpaceTech,"B2B, B2B2C",3,€ 3.6K,€ 68.5K,2013
 VidiPost,AdTech & Creative Tech,"B2B, B2B2C",1,€ 3.6K,€ 22.7K,2019
 Meliora,CleanTech,"B2B, B2G, B2C, B2B2C",-,€ 3.6K,€ 226,2022
 Planyard,PropTech & Construction,B2B,2,€ 3.5K,€ 27.6K,2018
 EmailEngine,Communication,B2B,-,€ 3.5K,€ 5.9K,2020
 TheraSync,"HealthTech, Life sciences & Wellness","B2B, B2C",-,€ 3.5K,€ 7.1K,2021
 Einsteins Square,EdTech,B2B2C,2,€ 3.4K,€ 195.9K,2018
 Nevermatter OU,Gaming,B2B,-,€ 3.3K,€ 18K,2016
 TraCert OÜ,Business software & HR,B2B,1,€ 3.3K,€ 125.6K,2020
 BULAPROJEKTS,Communication,B2C,-,€ 3.3K,€ 447.4K,2020
 Ender Turing,Business software & HR,B2B,-,€ 3.3K,€ 81.4K,2018
 GoDiet,"HealthTech, Life sciences & Wellness","B2C, B2B2C",1,€ 3.3K,€ 726,2020
 Forestbook,AgTech & FoodTech,B2B,1,€ 3.3K,€ 48.5K,2018
 WIP (workinpeace...,Business software & HR,B2B,3,€ 3.3K,€ 51.8K,2018
 Vementis Group,"HealthTech, Life sciences & Wellness",B2B,2,€ 3.2K,€ 90.8K,2013
 Golbriak Space O...,SpaceTech,"B2B, B2G",-,€ 3.2K,€ 2.7K,2017
 FoxIoT,Advanced Manufacturing & Industry,"B2B, B2C, B2B2C",1,€ 3.2K,€ 76.5K,2020
 Gewodo,Business software & HR,B2B,-,€ 3.1K,€ 10.4K,2020
 Holocene Service...,Consumer products and services,B2B,1,€ 3.1K,€ 41.9K,2022
 Kinola,Business software & HR,B2B,1,€ 3.1K,€ 3.1K,2022
 Remotely,Communication,"B2B, B2C",-,€ 3K,€ 95K,2017
 Revorium,FinTech,B2B2C,3,€ 3K,€ 8.2K,2021
 Joyixir,Gaming,"B2C, B2B2C",3,€ 3K,€ 42.2K,2020
 Cottage Fund,FinTech,B2B,-,€ 3K,-,2022
 Fundwise,FinTech,"B2B, B2C",2,€ 2.9K,€ 19.3K,2014
 DATA CORPORATION...,Business software & HR,"B2B, B2G, B2B2C",2,€ 2.9K,-,2018
 Noise Machine,AdTech & Creative Tech,-,1,€ 2.9K,€ 2.8K,2017
 SOLINTEL,CleanTech,"B2B, B2G, B2C",1,€ 2.9K,-,2020
 WageCan,FinTech,"B2B, B2C",1,€ 2.9K,€ 3K,2016
 Magnetic IP OU,Consumer products and services,"B2B, B2C",-,€ 2.9K,€ 26.3K,2015
 enty,Business software & HR,"B2B, B2C",1,€ 2.9K,€ 101.2K,2020
 HappyMe,Business software & HR,B2B,3,€ 2.9K,€ 22.7K,2017
 TwogNation,Gaming,B2C,1,€ 2.8K,€ 127.5K,2017
 BugBox Ltd,AgTech & FoodTech,"B2B, B2C",1,€ 2.8K,€ 275,2015
 Veloxmobile OÜ,EdTech,B2C,6,€ 2.7K,€ 14.5K,2017
 TRIT,Business software & HR,"B2B, B2C, B2B2C",2,€ 2.7K,€ 16.1K,2018
 C-box,Transportation & Logistics,"B2B, B2C",2,€ 2.7K,€ 84,2021
 PocketPro,Consumer products and services,"B2B, C2C, B2C",1,€ 2.6K,€ 5.1K,2021
 Vetik OÜ,CleanTech,B2B,3,€ 2.6K,€ 9K,2017
 Naviteel OÜ,Consumer products and services,B2B,1,€ 2.6K,-,2021
 Trashify Tech,CleanTech,B2B,1,€ 2.6K,€ 58,2022
 WAPI,Transportation & Logistics,B2B,2,€ 2.5K,€ 1.3M,2019
 Quantem Analytic...,"HealthTech, Life sciences & Wellness",B2B,1,€ 2.5K,€ 31.8K,2019
 CarAssistance.co...,AdTech & Creative Tech,B2B2C,-,€ 2.5K,€ 84.8K,2020
 InstArc,Business software & HR,"B2B, B2C, B2B2C",1,€ 2.5K,-,2020
 Blockoville OÜ,FinTech,B2B,2,€ 2.5K,€ 5.9K,2018
 Zeew,Transportation & Logistics,B2B,2,€ 2.4K,€ 38.1K,2020
 Cofocus One,Consumer products and services,B2C,-,€ 2.4K,-,2019
 SmartSender,Communication,B2B,-,€ 2.4K,€ 170.8K,2017
 Lever ID,CyberTech,"B2B, B2C, B2B2C",-,€ 2.4K,-,2021
 Raison app,FinTech,B2C,2,€ 2.4K,€ 8.5K,2017
 Sama Sama studio...,Gaming,-,1,€ 2.3K,€ 8.4K,2015
 Virtonomics,Business software & HR,"B2B, B2C",-,€ 2.3K,€ 23.7K,2020
 BaBash,Consumer products and services,B2B2C,2,€ 2.3K,€ 8.5K,2018
 Rashidov,AgTech & FoodTech,"B2B, B2C",1,€ 2.3K,€ 59.4K,2019
 Challenger Solut...,CleanTech,B2B,1,€ 2.3K,€ 19.3K,2017
 Ethical SEO,Consumer products and services,B2B,1,€ 2.3K,€ 58.8K,2021
 RanchPal,AgTech & FoodTech,B2B,2,€ 2.3K,€ 14.2K,2021
 ContentGecko,AdTech & Creative Tech,B2B,2,€ 2.1K,€ 14.1K,2021
 Asisia,TravelTech,"B2B, B2B2C",-,€ 2.1K,-,2021
 Staffbranding,Business software & HR,"B2B, B2B2C",1,€ 2.1K,-,2017
 Salto,Communication,C2C,-,€ 2.1K,€ 410,2017
 Remosi Technolog...,Communication,"B2B, B2C",1,€ 2.1K,-,2019
 Just Build It,PropTech & Construction,B2B,-,€ 2.1K,€ 9.7K,2020
 Storadera,Communication,"B2B, B2B2B, B2G",-,€ 2K,€ 7.8K,2019
 Vastry,Consumer products and services,"B2B, B2B2C",-,€ 2K,-,2019
 MX Labs,"HealthTech, Life sciences & Wellness","B2B, B2B2C",-,€ 2K,€ 173.2K,2020
 Headtime OÜ,EdTech,B2C,2,€ 2K,-,2013
 MindChip,Transportation & Logistics,B2B,1,€ 2K,€ 164,2019
 Eurostep Digital,FinTech,B2B,2,€ 1.9K,€ 20.1K,2017
 Meetecka,TravelTech,"B2B, B2C",-,€ 1.9K,-,2022
 Codematics,Consumer products and services,"B2B, B2C",-,€ 1.9K,-,2021
 Neuromarketing t...,AdTech & Creative Tech,-,2,€ 1.9K,€ 55K,2018
 NT Studio,AdTech & Creative Tech,B2B2C,1,€ 1.8K,-,2021
 DEF,AdTech & Creative Tech,B2B,-,€ 1.8K,€ 17.3K,2021
 YeTa Games,Gaming,B2C,1,€ 1.8K,€ 13.7K,2020
 Endurae,EdTech,"B2B, B2G",-,€ 1.8K,€ 22.3K,2018
 WOF Labs,Gaming,B2B,-,€ 1.8K,€ 80.8K,2021
 CareMate,Consumer products and services,C2C,4,€ 1.8K,€ 8.7K,2017
 Profile Center,Business software & HR,"B2B, B2C, B2B2C",-,€ 1.7K,-,2018
 Payrow Europe,FinTech,"B2B, B2C, B2B2C",-,€ 1.7K,-,2022
 dillali,FinTech,"B2B, B2B2C",1,€ 1.7K,-,2020
 Sorry as a servi...,Business software & HR,-,1,€ 1.7K,€ 12.8K,2015
 Teremarket,Business software & HR,-,1,€ 1.7K,€ 309.5K,2013
 Capster,"HealthTech, Life sciences & Wellness",-,2,€ 1.7K,€ 27.6K,2014
 Smartswap,Consumer products and services,"B2B, C2C, B2C, B2B2C",3,€ 1.7K,€ 5.7K,2019
 gratico,Business software & HR,"B2B, B2C",1,€ 1.7K,€ 214,2020
 ScaleDrone,Business software & HR,-,1,€ 1.6K,€ 7.1K,2014
 Aufort,FinTech,"B2B, B2C, B2B2C",2,€ 1.6K,€ 1.4K,2014
 HiFace app,Business software & HR,"B2B, B2C",-,€ 1.6K,€ 10.6K,2022
 Bifrost Tug Esto...,Transportation & Logistics,-,1,€ 1.6K,-,2022
 Quantum Brain Re...,"HealthTech, Life sciences & Wellness","B2B, B2G, C2C, B2C, B2B2C",1,€ 1.6K,€ 5.1K,2021
 Craftbay OÜ,Consumer products and services,"C2C, B2C",-,€ 1.5K,-,2017
 Skills of Blocks,EdTech,"B2B, B2G, B2C",1,€ 1.5K,€ 9,2022
 WaardeX OÜ,AdTech & Creative Tech,"B2B, B2B2C",-,€ 1.5K,€ 1.3M,2017
 Pridegamesstudio,Gaming,B2C,1,€ 1.5K,€ 3.1K,2018
 Tyron,"HealthTech, Life sciences & Wellness","B2C, B2B2C",-,€ 1.5K,-,2020
 Work Quest,Business software & HR,"B2B, C2C, B2C, B2B2C",1,€ 1.5K,€ 1.9K,2019
 Glassity,CyberTech,B2B,3,€ 1.5K,€ 6.5K,2023
 Space Hub,Consumer products and services,"B2C, B2B2C",2,€ 1.5K,-,2020
 RohamRobotic,AgTech & FoodTech,"B2B, B2C",1,€ 1.4K,-,2021
 Cyber Boxer,CyberTech,"B2B, B2B2C",3,€ 1.4K,-,2019
 ORDIN,PropTech & Construction,"B2B, B2G",1,€ 1.4K,€ 2.4K,2019
 Paily,FinTech,"B2B, B2C",2,€ 1.4K,-,2013
 Wemply,Business software & HR,B2B,1,€ 1.4K,€ 92.3K,2017
 FructCode,EdTech,B2C,-,€ 1.4K,€ 22.1K,2021
 WUMLER,AdTech & Creative Tech,"B2B, B2C",2,€ 1.4K,-,2020
 YORSO,AgTech & FoodTech,B2B,1,€ 1.4K,€ 417.4K,2018
 makeitneutral,CleanTech,"B2B, B2C, B2B2C",-,€ 1.4K,€ 3.7K,2021
 Adeo imaging,Business software & HR,-,1,€ 1.3K,€ 2.2K,2014
 Oclassica,Consumer products and services,B2C,-,€ 1.3K,-,2020
 S I L E N T O,Consumer products and services,"B2C, B2B2C",2,€ 1.3K,€ 10.1K,2019
 Aeon Must Die! b...,Gaming,"B2B, B2C, B2B2C",-,€ 1.3K,€ 3.8K,2016
 DoConnect,Advanced Manufacturing & Industry,B2B,-,€ 1.3K,€ 16.3K,2021
 Miratag,Business software & HR,B2B,1,€ 1.3K,€ 77.4K,2014
 Haltura.ee,Business software & HR,"B2B, C2C, B2C, B2B2C",2,€ 1.3K,€ 6.3K,2018
 Yanu,Consumer products and services,"B2B, B2C",-,€ 1.3K,€ 27.9K,2018
 Vintagebazar,AdTech & Creative Tech,"C2C, B2C",3,€ 1.3K,€ 50.1K,2020
 Sinuab,Business software & HR,"B2B, B2C",1,€ 1.2K,€ 45.3K,2014
 SAYA,EdTech,B2C,1,€ 1.2K,€ 44.7K,2019
 WineFortune,FinTech,"B2B, C2C, B2B2C",2,€ 1.2K,€ 132.3K,2018
 Kalida Contract,Advanced Manufacturing & Industry,"B2B, B2B2C",1,€ 1.2K,€ 124.3K,2020
 Botgate AI,Consumer products and services,"B2B, B2C, B2B2C",-,€ 1.2K,€ 18.8K,2019
 Bitskout,Business software & HR,B2B,-,€ 1.2K,€ 74.7K,2020
 Callmidwife,"HealthTech, Life sciences & Wellness",-,6,€ 1.2K,-,2014
 Kõnekindlus,EdTech,"B2B, B2C",2,€ 1.2K,€ 18.3K,2020
 BHC Laboratory,CyberTech,-,1,€ 1.2K,€ 827,2012
 Grapherex,FinTech,"B2B, C2C, B2C",-,€ 1.2K,€ 13.2K,2019
 Targetta,AdTech & Creative Tech,-,-,€ 1.1K,€ 10.3K,2015
 EasyStyle,Business software & HR,"B2B, B2B2C",1,€ 1.1K,-,2021
 KOGNISOFT,"HealthTech, Life sciences & Wellness","B2B, B2C",-,€ 1.1K,-,2022
 TownChat,TravelTech,B2B2C,1,€ 1.1K,-,2020
 Vote Network,Consumer products and services,"B2G, C2C",1,€ 1.1K,-,2018
 Digitale.co,Business software & HR,B2C,-,€ 1.1K,€ 19.7K,2019
 HiStaff,Business software & HR,B2C,1,€ 1.1K,€ 20.3K,2021
 GreenLogistics.a...,Business software & HR,B2B,1,€ 1.1K,€ 81.3K,2020
 SpeakerGuru,EdTech,B2B,-,€ 1.1K,-,2019
 Plastteed,CleanTech,B2B2C,3,€ 1.1K,€ 50.2K,2019
 Welcome Center E...,Business software & HR,"B2B, B2C, B2B2C",-,€ 1.1K,-,2020
 ParamountDax,FinTech,B2C,-,€ 1K,€ 271.2K,2018
 FXFX Studios,Gaming,"B2C, B2B2C",1,€ 1K,-,2017
 MyFinancier,FinTech,"B2C, B2B2C",2,€ 1K,€ 4.8K,2017
 Moonable,FinTech,"B2B, B2G, C2C, B2C, B2B2C",1,€ 1K,€ 6.7K,2021
 Materjalivoog,CleanTech,-,-,€ 1K,€ 680,2015
 FindMotors,Transportation & Logistics,B2C,-,€ 907,€ 11.9K,2018
 stallion rocksho...,AdTech & Creative Tech,-,-,€ 879,€ 23.4K,2014
 Dilesy,EdTech,"B2C, B2B2C",1,€ 850,€ 8.4K,2013
 Surfzone,Consumer products and services,-,1,€ 840,€ 17.9K,2016
 Consorto,PropTech & Construction,"B2B, B2C, B2B2C",1,€ 840,€ 1.7K,2017
 Nobe Cars,Advanced Manufacturing & Industry,"B2B, B2G, C2C",-,€ 829,-,2017
 VanOnGo Eastern ...,Transportation & Logistics,"B2B, B2B2C",1,€ 826,€ 289.2K,2019
 Paytailor,FinTech,B2B,1,€ 812,€ 11.1K,2015
 Naine.fit,"HealthTech, Life sciences & Wellness",B2C,1,€ 812,-,2020
 FiFi Finance,FinTech,B2C,1,€ 806,€ 5K,2019
 Pageloot,AdTech & Creative Tech,B2B,1,€ 805,€ 42.6K,2019
 APL,AdTech & Creative Tech,"B2B, B2C, B2B2C",1,€ 805,€ 100,2017
 Complok,FinTech,B2B,1,€ 805,€ 2.4K,2020
 Weertu,Transportation & Logistics,B2B,2,€ 797,€ 31.2K,2020
 Rontar Group OU,AdTech & Creative Tech,-,-,€ 795,€ 28.1K,2015
 plugfree,CleanTech,"B2B, B2C",1,€ 788,€ 6.9K,2020
 Shopgram,Business software & HR,B2B,1,€ 783,€ 725,2020
 Transformative A...,"HealthTech, Life sciences & Wellness",-,-,€ 781,€ 48.3K,2017
 SPIC AND SPAN. H...,Consumer products and services,B2B2C,-,€ 775,€ 155.5K,2016
 HealthCode AI,"HealthTech, Life sciences & Wellness","B2B, B2G",2,€ 771,€ 8.3K,2018
 Friedegggames OU,Gaming,B2C,1,€ 764,€ 239.6K,2018
 Aerostat H2H,Business software & HR,B2B2C,1,€ 764,-,2020
 ÖkoMotion,Transportation & Logistics,"B2B, B2C",1,€ 719,-,2019
 Smartywak,Communication,B2B2C,-,€ 713,€ 36,2018
 CEMAS - Marketin...,AdTech & Creative Tech,B2B,1,€ 701,-,2019
 Venomite Studios,Gaming,B2C,-,€ 700,-,2016
 Speep,Consumer products and services,B2C,1,€ 699,-,2021
 Flowline,CleanTech,"B2B, B2G",1,€ 691,€ 9.5K,2019
 RateChain Soluti...,Transportation & Logistics,-,1,€ 683,€ 26.9K,2015
 Currynomics,FinTech,B2B2C,1,€ 680,€ 2.7K,2022
 GlyNeura,"HealthTech, Life sciences & Wellness",B2B,-,€ 665,-,2021
 DataCalculus,Business software & HR,B2B,1,€ 661,€ 49,2019
 Cryptografic,FinTech,B2B,2,€ 660,€ 631,2019
 Sutu,CleanTech,"B2B, B2C",1,€ 653,€ 9.2K,2018
 Price&Cost,FinTech,B2B,1,€ 647,€ 2.4K,2015
 Sentab,Consumer products and services,-,1,€ 647,€ 39,2013
 moduulo,Business software & HR,B2B,1,€ 647,€ 8.5K,2018
 Moliri Space Ene...,SpaceTech,"B2B, B2G",1,€ 645,-,2021
 OriginalMy Block...,CyberTech,"B2B, B2G",-,€ 636,-,2018
 Fastla,Transportation & Logistics,"B2B, B2C",1,€ 607,€ 10.3K,2018
 Azondo,FinTech,B2C,-,€ 596,-,2020
 KosherDev,AgTech & FoodTech,-,1,€ 588,€ 2.5K,2014
 Winery,Consumer products and services,B2B2C,1,€ 555,-,2019
 Hopitude.com,Business software & HR,B2B,1,€ 536,€ 2.6K,2016
 Wastefox,CleanTech,"B2G, B2C",-,€ 531,€ 19.2K,2017
 Skuuper,Business software & HR,"B2B, B2C",1,€ 531,-,2014
 hausECO,PropTech & Construction,"B2B, B2C",2,€ 525,€ 1K,2020
 Pagerr,Advanced Manufacturing & Industry,"B2B, B2G",1,€ 513,€ 53.9K,2019
 CrabSec,Consumer products and services,B2C,-,€ 508,€ 6.8K,2016
 Ari Care,CleanTech,"B2B, B2B2C",-,€ 501,€ 500,2021
 MARLEQ,Business software & HR,"B2B, B2G, B2C",1,€ 489,-,2021
 Steelmonitor,Business software & HR,B2B,1,€ 463,€ 39.5K,2020
 Maibax,EdTech,"B2B, B2C",-,€ 434,€ 103.3K,2019
 City Carrier,Transportation & Logistics,"B2B, B2C, B2B2C",1,€ 413,€ 87.7K,2015
 LearnWise,EdTech,"B2B, B2G",2,€ 386,€ 3.6K,2020
 Relabit,PropTech & Construction,B2B2C,1,€ 357,€ 2.6K,2019
 HOLOVARMED,EdTech,"B2G, B2B2C",-,€ 325,-,2021
 The Maiden,Gaming,B2C,1,€ 293,-,2019
 Tallinn2Europe E...,Consumer products and services,B2C,1,€ 286,€ 9.2K,2018
 SecuriNotion,CyberTech,B2B,-,€ 279,-,2018
 Captain Corrosio...,Consumer products and services,-,1,€ 246,€ 21.5K,2016
 Gigimot,"HealthTech, Life sciences & Wellness",B2B,-,€ 238,-,2020
 Arcmaze,Gaming,B2C,-,€ 225,-,2016
 FACT Industries,SpaceTech,B2B,2,€ 215,€ 51.2K,2017
 Mobinner,AdTech & Creative Tech,"B2B, B2C",1,€ 210,€ 21.7K,2017
 Contester,Communication,"B2B, B2B2C",1,€ 204,-,2020
 WasteLocker,CleanTech,"B2B, B2G",3,€ 201,€ 8.4K,2022
 Duuabl,Consumer products and services,"B2B, C2C, B2C",-,€ 164,€ 3.5K,2016
 Rosella Kunst,Consumer products and services,"B2B, B2C",9,€ 157,-,2018
 WebTotem,CyberTech,"B2B, B2G",-,€ 146,€ 252K,2017
 Iomob,Transportation & Logistics,"B2B, B2G",-,€ 102,€ 610.6K,2018
 BOOSTYS,Consumer products and services,B2B2C,-,€ 93,€ 2.4K,2018
 Unreal24 Solutio...,Gaming,B2C,8,€ 79,-,2017
 Pollymetrix,Business software & HR,"B2B, B2B2C",-,€ 59,€ 28.3K,2018
 Boardlee,Business software & HR,"B2B, B2C",1,€ 36,-,2020
 Niuhti,PropTech & Construction,B2B2C,-,€ 25,€ 15.7K,2016
 Neuroactive AI,Advanced Manufacturing & Industry,B2B,-,€ 24,€ 732,2016
 I Can Grab / Vah...,"HealthTech, Life sciences & Wellness",-,1,€ 14,€ 2K,2017
 AliNull,Consumer products and services,B2B,-,€ 11,-,2018
 Mercury Cash,FinTech,B2B2C,-,€ 6,-,2019
 Softbrik OU,Business software & HR,"B2B, B2B2C",-,€ 4,€ 3.6K,2018
 IMEPILT STUDIOS,Communication,B2B2C,-,€ 2,-,2017
 PocketHelper,Consumer products and services,"B2B, B2C, B2B2C",-,€ 0,-,2018
 REACHPEOPLE OÜ,AdTech & Creative Tech,B2B,-,€ 4,€ 72.3K,2016
 Tebo,EdTech,"B2B, C2C, B2C",1,-,-,2015
 Traffel.com,TravelTech,-,-,-,€ 31,2014
 Company: Ticketm...,AdTech & Creative Tech,-,-,-,-,2018
 3DC.io,EdTech,B2G,-,-,-,2015
 Frank.ai,AdTech & Creative Tech,B2B,1,-,-,2015
 Etnobird,Consumer products and services,B2B2C,-,-,-,2014
 Festivality,Consumer products and services,"B2B, B2B2C",2,-,-,2015
 CapOne Research ...,FinTech,"B2B, B2C",5,-,-,2016
 ReportAuto,Transportation & Logistics,"B2B, B2C",-,-,€ 30.2K,2017
 KOMTERE OÜ,Consumer products and services,"B2B, B2G, B2C, B2B2C",-,-,-,2016
 XENDIZ OÜ,AdTech & Creative Tech,"B2B, B2B2C",-,-,€ 12.9K,2017
 Nowescape,AdTech & Creative Tech,"B2B, B2C",-,-,€ 1.6K,2016
 Toolabs OÜ,AdTech & Creative Tech,"B2B, B2C, B2B2C",-,-,-,2017
 Fanvestory,FinTech,B2B2C,-,-,€ 32,2017
 DataMe OÜ,FinTech,"B2B, B2C",-,-,-,2015
 Covisual,PropTech & Construction,B2B,-,-,-,2016
 poirot.systems,Business software & HR,B2B,-,-,-,2019
 Medihub,"HealthTech, Life sciences & Wellness",B2B,-,-,-,2015
 TempID,"HealthTech, Life sciences & Wellness",B2B2C,3,-,€ 500,2017
 MediKeep,"HealthTech, Life sciences & Wellness","B2B, B2C",-,-,-,2014
 Openly,Consumer products and services,"B2B, B2G",-,-,-,2018
 Connected Baltic...,Communication,B2B,-,-,€ 2K,2016
 VRNET,AdTech & Creative Tech,B2B,-,-,-,2017
 Wellness Orbit (...,"HealthTech, Life sciences & Wellness",B2B,-,-,€ 386,2015
 naturaldyer ou,Advanced Manufacturing & Industry,B2B2C,-,-,-,2016
 TUGE Energia OÜ,CleanTech,B2B2C,-,-,€ 73.9K,2015
 Hostelpro,TravelTech,B2B,-,-,-,2015
 Silkyware OÜ,Consumer products and services,B2B2C,-,-,-,2015
 Ehitustark,Business software & HR,"B2C, B2B2C",-,-,-,2018
 Marina Ahoy,Business software & HR,B2B2C,-,-,-,2015
 Ordly OÜ,AgTech & FoodTech,B2B,-,-,-,2017
 Clerk.AI OÜ,FinTech,"B2B, B2C",-,-,€ 15,2017
 Idyllum Labs,CyberTech,B2B,-,-,€ 237,2020
 DigiFlak,CyberTech,"B2B, B2C",-,-,€ 4,2013
 Tap2pay,FinTech,B2B,-,-,€ 264.9K,2014
 OneAire,Transportation & Logistics,"B2B, B2G",-,-,-,2017
 Zelos,Communication,B2B,-,-,€ 165,2018
 Facelet,AdTech & Creative Tech,B2B2C,-,-,-,2015
 Lainergy OÜ,CleanTech,"B2B, B2G, B2C",-,-,-,2016
 Vibromera OU,Advanced Manufacturing & Industry,B2B,-,-,-,2017
 KomraVision Ltd.,AgTech & FoodTech,"B2B, B2G",-,-,-,2018
 Tanibox,AgTech & FoodTech,B2B,-,-,-,2017
 ZABRA Solutions,FinTech,"B2B, B2B2C",-,-,€ 106,2017
 OktoMaxAI,AdTech & Creative Tech,"B2B, B2B2C",-,-,-,2019
 Just-get.com oü,Consumer products and services,"B2B, C2C, B2C",-,-,-,2016
 HalloCasa OÜ,PropTech & Construction,"B2B, B2C",-,-,€ 68,2018
 Ridline,Communication,B2B,1,-,€ 42.9K,2016
 Natufia Labs,AgTech & FoodTech,"B2B, B2C",-,-,-,2014
 Beampat,Consumer products and services,B2C,-,-,-,2018
 Book It Up,Business software & HR,B2B2C,-,-,-,2018
 Operose Labs OÜ,Business software & HR,B2B,-,-,-,2017
 VERTIGO GAMES OÜ,Gaming,B2C,-,-,€ 3.1M,2017
 INTEPIA,Transportation & Logistics,"B2B, B2G",-,-,-,2017
 FlipSide oü,EdTech,B2C,-,-,-,2016
 Precision Naviga...,SpaceTech,B2B,-,-,€ 1.4K,2018
 Fully Verified,CyberTech,B2B,-,-,€ 87.4K,2018
 SupplyTank,Transportation & Logistics,-,-,-,-,2018
 ChessMove,Gaming,-,-,-,-,2019
 Black Insurance,FinTech,B2B,-,-,-,2017
 ChatCreate,Business software & HR,"B2B, B2B2C",-,-,€ 13.4K,2018
 Polybius,FinTech,B2C,-,-,-,2018
 Artiel Investmen...,"HealthTech, Life sciences & Wellness","B2B, B2B2C",-,-,-,2013
 TRAPMINE,CyberTech,B2B,-,-,-,2017
 3cular,CleanTech,B2B,-,-,-,2018
 Some move,TravelTech,"B2B, B2G, B2C",-,-,€ 20,2017
 NAMESONG,Gaming,B2C,-,-,-,2018
 Gate Production ...,FinTech,"B2B, B2B2C",-,-,-,2018
 Vee Security,CyberTech,B2C,-,-,-,2018
 ETHR,"HealthTech, Life sciences & Wellness",-,-,-,€ 932,2017
 Goslim school (V...,"HealthTech, Life sciences & Wellness",B2C,1,-,€ 162.7K,2017
 DlabSolutions PL...,Consumer products and services,"B2B, B2B2C",1,-,-,2018
 Metatask,Business software & HR,B2B,-,-,-,2016
 Marinemon,Business software & HR,B2B,-,-,-,2018
 Cora Health,"HealthTech, Life sciences & Wellness",B2C,-,-,€ 1.4K,2016
 patron.ai,Business software & HR,B2B,-,-,-,2019
 Workurious,Business software & HR,"B2B, B2C",-,-,-,2018
 MeetnGreetMe,TravelTech,"B2C, B2B2C",-,-,-,2016
 Najafov Digital ...,EdTech,"B2B, B2C",-,-,-,2017
 Lively,"HealthTech, Life sciences & Wellness",B2B2C,-,-,-,2018
 CureAssist,"HealthTech, Life sciences & Wellness","B2B, B2C, B2B2C",-,-,-,2018
 BitOfProperty OÜ,FinTech,B2B2C,-,-,-,2017
 Lookastic OÜ,Consumer products and services,B2C,-,-,€ 23.1K,2015
 Aenbee OÜ,Consumer products and services,"B2C, B2B2C",2,-,-,2018
 Betalgo OÜ,Business software & HR,"B2B, B2C",-,-,-,2018
 Velvet,FinTech,"B2B, B2C, B2B2C",-,-,-,2016
 TechNovator,Consumer products and services,"B2B, B2C",-,-,-,2013
 Crassula,FinTech,B2B,-,-,-,2017
 Vumonic - a next...,Business software & HR,"B2B, B2C",-,-,€ 7.8K,2018
 talents.fund,Business software & HR,"B2B, B2C, B2B2C",-,-,-,2019
 biggid.com,Business software & HR,B2B2C,-,-,-,2018
 Influreply,Business software & HR,B2B,-,-,-,2018
 Baby-Tracker,"HealthTech, Life sciences & Wellness","B2C, B2B2C",-,-,-,2018
 Meredot,Consumer products and services,B2B,-,-,-,2019
 AdZillah,AdTech & Creative Tech,"B2B, C2C, B2C",-,-,-,2019
 CompAct,CleanTech,B2B,-,-,-,2018
 Scoremusic,AdTech & Creative Tech,B2C,-,-,-,2016
 GymLink,Consumer products and services,"B2B, B2B2C",-,-,-,2018
 WorkStart,Consumer products and services,"C2C, B2C",-,-,€ 35K,2018
 Beautify,"HealthTech, Life sciences & Wellness","B2B, B2C, B2B2C",-,-,€ 1.8K,2019
 Smarts,Consumer products and services,"B2B, B2C",-,-,-,2018
 Bioengine - Wast...,CleanTech,"B2B, B2G",-,-,-,2018
 QProved,Business software & HR,"B2B, B2C",-,-,-,2019
 Catenaccio Footb...,Gaming,"B2C, B2B2C",-,-,€ 74,2018
 Ebitly,FinTech,B2B,-,-,-,2020
 ShufflUp,FinTech,B2C,-,-,-,2018
 Zirity,AdTech & Creative Tech,B2B,-,-,-,2018
 LevelUP,Business software & HR,"B2B, B2C",-,-,-,2018
 GoInvite,Communication,C2C,-,-,-,2019
 tarla.in,AgTech & FoodTech,"B2B, B2C, B2B2C",-,-,€ 3.5K,2017
 Midifi,"HealthTech, Life sciences & Wellness","B2C, B2B2C",-,-,-,2018
 Pacsent,Business software & HR,B2B,-,-,-,2019
 AddLix,Business software & HR,B2B2C,-,-,€ 325,2019
 FRAPGIO,CyberTech,"B2B, B2C",-,-,-,2019
 Nguyen,Business software & HR,B2B,-,-,-,2018
 SignLang,"HealthTech, Life sciences & Wellness",B2C,1,-,€ 5.4K,2018
 Moxie Pop-Up Caf...,AgTech & FoodTech,"B2B, B2C, B2B2C",-,-,-,2018
 cyex,CyberTech,B2B,-,-,€ 200,2018
 ForPeeps Payment...,FinTech,B2B2C,-,-,-,2018
 Geme.io,Communication,"B2B, C2C, B2B2C",-,-,-,2017
 IPDx,"HealthTech, Life sciences & Wellness","B2B, B2C",-,-,-,2017
 Vinicius Miguel,Business software & HR,B2B,-,-,-,2018
 PrimeSearch,Business software & HR,"B2B, B2G, B2C, B2B2C",-,-,€ 1K,2018
 Scoriff,FinTech,B2B,-,-,-,2018
 VooreMET,AgTech & FoodTech,B2B,-,-,€ 315,2017
 Sayv-Sustainable...,FinTech,"B2B, B2B2C",-,-,-,2018
 Savas Cloud Mark...,AdTech & Creative Tech,"B2B, B2C",-,-,€ 1.1K,2016
 Hiwe,Communication,B2C,-,-,-,2019
 Bluechecked,Consumer products and services,"B2B, B2C",1,-,-,2019
 Takeout,AgTech & FoodTech,"B2B, B2C",-,-,-,2018
 truck4goods,Transportation & Logistics,"B2B, B2B2B, B2C, B2B2C",-,-,€ 10.3K,2019
 SmartCredit.io,FinTech,"C2C, B2B2C",-,-,-,2017
 Mitogro,"HealthTech, Life sciences & Wellness",B2B,-,-,-,2015
 Bizplay,EdTech,"B2B, B2G",-,-,€ 1.7K,2013
 Unsinkable Robot...,Advanced Manufacturing & Industry,B2B,-,-,€ 2.7K,2019
 Scautor,PropTech & Construction,B2B,-,-,€ 13.5K,2018
 Xperience by Hor...,TravelTech,"B2B, B2C, B2B2C",-,-,-,2018
 Gattai,Communication,"B2B, B2C",1,-,-,2019
 Groveneer,Consumer products and services,"B2B, B2C",-,-,-,2018
 HopKid,Communication,"C2C, B2C",-,-,-,2018
 Health Sciences ...,"HealthTech, Life sciences & Wellness",B2B2C,-,-,€ 3.3K,2019
 Magic Carpet,Consumer products and services,"B2B, B2C, B2B2C",-,-,€ 324,2019
 Cyberconnecting,CyberTech,B2B,-,-,€ 19,2018
 Hive.id,CyberTech,B2B2C,-,-,-,2018
 Cognitive Billbo...,AdTech & Creative Tech,B2B,-,-,-,2019
 Cachet,FinTech,"B2C, B2B2C",-,-,-,2018
 REXR,Gaming,"B2B, B2C",-,-,-,2018
 autom8,CyberTech,"B2B, B2C",-,-,-,2019
 T-COM,AdTech & Creative Tech,B2B2C,-,-,-,2019
 Drishti (Omnivid...,SpaceTech,"B2B, B2G, B2C, B2B2C",-,-,-,2018
 Iriscan,CyberTech,B2B,-,-,€ 630,2018
 Audiosdroid OÜ,Gaming,B2C,-,-,€ 3.7K,2019
 WeControl - GDPR...,Business software & HR,B2B,-,-,€ 80.4K,2018
 EVOESTATE,FinTech,"B2B, B2C, B2B2C",-,-,-,2019
 Factology.System...,CyberTech,B2B2C,-,-,-,2019
 SafeTraffic,Transportation & Logistics,B2B2C,-,-,-,2019
 Feniks Gaming Oü,Gaming,"B2B, C2C, B2C",1,-,-,2017
 JetBeep,FinTech,B2B,-,-,€ 57.3K,2020
 Furnum OÜ,Consumer products and services,B2B2C,-,-,-,2019
 Recoil OÜ,Advanced Manufacturing & Industry,"B2G, B2C",-,-,€ 2.8K,2018
 WiseDrive,Consumer products and services,"B2B, B2C",-,-,€ 23K,2019
 Guide Now,TravelTech,B2C,-,-,-,2019
 AIcont,Business software & HR,B2B,1,-,-,2018
 Sellme,AdTech & Creative Tech,B2B,-,-,€ 27.9K,2018
 Workocto,Business software & HR,B2B,-,-,-,2018
 Talkie,"HealthTech, Life sciences & Wellness",B2B2C,-,-,-,2018
 Hala.ai,Business software & HR,B2B,-,-,€ 1.3K,2017
 XZEN,FinTech,"B2B, B2C",-,-,-,2018
 Trumpauto,Business software & HR,B2B,-,-,€ 23.1K,2019
 fetchM,AdTech & Creative Tech,"B2C, B2B2C",1,-,-,2019
 Artineering,AdTech & Creative Tech,"B2B, B2B2C",-,-,€ 9K,2019
 PharmaWise,"HealthTech, Life sciences & Wellness","B2C, B2B2C",-,-,-,2019
 EnLife,PropTech & Construction,"B2B, B2B2C",-,-,"-€ 4,003",2016
 iotex,Communication,"B2B, C2C, B2C",-,-,-,2019
 Worqaround,Business software & HR,"B2B, B2C",-,-,-,2019
 Snabb,Business software & HR,B2B,-,-,-,2015
 Big Data Scoring,FinTech,-,-,-,€ 137K,2013
 Betterspot,CyberTech,-,-,-,-,2018
 Blockhive,FinTech,-,-,-,-,2017
 Bondkick,FinTech,-,-,-,€ 463.5K,2014
 Carbonific,CleanTech,-,-,-,-,2017
 MICEtribe,Business software & HR,B2B2C,-,-,-,2018
 Cyber Struggle,CyberTech,-,-,-,€ 62.9K,2019
 Esensorics,AgTech & FoodTech,B2B,-,-,€ 746,2015
 ForkLog Group OÜ,Communication,"B2B, B2C",-,-,€ 4.7K,2018
 Glocalzone,TravelTech,"C2C, B2C",-,-,€ 13.3K,2018
 Glowforth,Gaming,-,-,-,-,2012
 GoGoNano,Consumer products and services,"B2B, B2C",-,-,€ 21K,2013
 Heimdallr,Consumer products and services,-,-,-,-,2014
 Helpific,"HealthTech, Life sciences & Wellness",-,-,-,-,2014
 Link Labs,Consumer products and services,"B2B, B2B2C",-,-,€ 19.8K,2016
 Lurento,Transportation & Logistics,-,-,-,-,2015
 Maakler,PropTech & Construction,-,-,-,€ 30,2015
 Maxify Group,Business software & HR,-,-,-,-,2015
 Netiarst,"HealthTech, Life sciences & Wellness",-,-,-,€ 293,2015
 Pay4results,AdTech & Creative Tech,-,-,-,-,2012
 Pluss ID,Consumer products and services,-,-,-,€ 25.8K,2013
 SafeToAct,"HealthTech, Life sciences & Wellness",-,-,-,-,2014
 smartbnb OÜ,Business software & HR,"B2B, B2B2C",-,-,€ 2.1M,2016
 Somno,Business software & HR,-,2,-,-,2015
 spicetone,AdTech & Creative Tech,-,-,-,€ 555,2013
 Stepshot,Business software & HR,-,-,-,-,2016
 Timey,AgTech & FoodTech,-,-,-,-,2018
 Paratus,CyberTech,"B2B, B2G",-,-,€ 1.4K,2019
 Toitla,AgTech & FoodTech,-,-,-,€ 3.7K,2015
 trainedon,Business software & HR,-,-,-,€ 467.4K,2013
 upitech,"HealthTech, Life sciences & Wellness",-,-,-,-,2014
 velmenni,Communication,-,-,-,-,2014
 VITS,Business software & HR,B2B,-,-,-,2019
 WePower,CleanTech,-,-,-,-,2018
 MediaHub Labs,AdTech & Creative Tech,-,-,-,€ 2.1K,2017
 ulip,"HealthTech, Life sciences & Wellness","B2B, B2C",-,-,€ 1.1K,2018
 Taskutark,EdTech,B2C,-,-,-,2013
 SupplierPlus,FinTech,"B2B, B2G",-,-,-,2015
 Pernimo,AdTech & Creative Tech,-,-,-,€ 22.7K,2019
 Rokkex,FinTech,-,1,-,-,2019
 OMVAPT,CyberTech,B2B2C,-,-,-,2019
 REXXBN,FinTech,"B2B, B2B2C",-,-,€ 14.9K,2019
 Burationo,FinTech,-,-,-,-,2019
 Montonio,FinTech,"B2B, B2B2C",-,-,-,2018
 Multiwebpay,FinTech,"B2B, C2C, B2B2C",1,-,-,2018
 Docsify,AdTech & Creative Tech,-,-,-,€ 6.4K,2016
 Eventify Life,AdTech & Creative Tech,-,-,-,€ 8.8K,2018
 Rimuut,FinTech,B2B,-,-,€ 6.7M,2017
 Malkarak OU,"HealthTech, Life sciences & Wellness","B2B, B2C",-,-,€ 36.4K,2018
 Protribe Sports ...,AdTech & Creative Tech,"B2C, B2B2C",-,-,-,2018
 UXDN,Business software & HR,B2B,-,-,-,2019
 GearShare,AdTech & Creative Tech,-,-,-,-,2018
 Marketorient,AdTech & Creative Tech,-,-,-,-,2018
 Scribble Pen Inc...,Consumer products and services,-,-,-,-,2019
 TravelGee.AI,TravelTech,-,-,-,-,2019
 Ideasgym,EdTech,"B2B, B2C",-,-,-,2019
 iValut,FinTech,-,1,-,-,2019
 Kingdom,AgTech & FoodTech,B2B,-,-,-,2018
 Ninja Solutions,PropTech & Construction,-,-,-,-,2012
 Tymap,Transportation & Logistics,B2B2C,-,-,€ 4.1K,2019
 NetNigma,Business software & HR,B2B,-,-,-,2018
 inn4pet,Business software & HR,B2B2C,-,-,-,2019
 Riddletag.com,FinTech,"B2B, B2G, B2B2C",-,-,-,2019
 Endangered Wildl...,FinTech,"B2B, B2G, C2C, B2C, B2B2C",-,-,-,2019
 KURSLAB,EdTech,B2C,-,-,-,2019
 Hotspoter,Business software & HR,B2B,-,-,-,2019
 FiPME,Gaming,"B2B, C2C, B2C, B2B2C",-,-,€ 303,2018
 Loyalty Lab,AdTech & Creative Tech,"B2B, B2B2C",-,-,-,2019
 BITLEVEX,FinTech,"B2C, B2B2C",-,-,-,2019
 Timetrix,Business software & HR,B2B,-,-,-,2019
 LastingSales,AdTech & Creative Tech,B2B,-,-,-,2019
 Hustler Marketin...,AdTech & Creative Tech,"B2B, B2B2C",-,-,€ 576.8K,2018
 Prebook24,Communication,B2B2C,-,-,-,2019
 Graspic,Consumer products and services,"B2C, B2B2C",-,-,-,2018
 LXMI.IO,FinTech,B2C,-,-,-,2019
 TaxChaser,FinTech,B2B2C,-,-,-,2019
 Arf,FinTech,"B2B, B2C, B2B2C",-,-,€ 87.9K,2019
 Rocket DAO,FinTech,"B2B, B2C",-,-,€ 5.6K,2018
 Shipper_,FinTech,"B2B, C2C",-,-,-,2019
 KoduLine,PropTech & Construction,B2B2C,-,-,€ 3.4K,2019
 TradersAlloy,FinTech,B2C,-,-,-,2018
 Lokimo,TravelTech,B2B2C,-,-,€ 1.7K,2017
 Premium BettingT...,Gaming,"B2B, B2B2C",1,-,€ 8K,2016
 InteriorStyler,AdTech & Creative Tech,"B2B, B2B2C",-,-,-,2019
 PILATRE,"HealthTech, Life sciences & Wellness","B2B, B2C",-,-,-,2019
 zyffy,Consumer products and services,"B2B, C2C, B2C, B2B2C",-,-,-,2017
 Lelu,Consumer products and services,B2C,-,-,-,2019
 Paysic,FinTech,"B2B, C2C, B2C, B2B2C",-,-,-,2019
 My Power Farm,CleanTech,B2B2C,1,-,€ 872.2K,2019
 Grappel Technolo...,Business software & HR,"B2B, B2B2C",-,-,-,2019
 Joulup,CleanTech,"B2B, B2G",-,-,-,2019
 Recovery Compani...,"HealthTech, Life sciences & Wellness",B2B2C,-,-,-,2019
 Smart Touch Syst...,Consumer products and services,B2B2C,-,-,-,2019
 CASERS,Business software & HR,"B2B, B2B2C",-,-,-,2019
 Techgate Solutio...,Business software & HR,B2B,-,-,-,2018
 GLIS,Transportation & Logistics,"B2B, B2C, B2B2C",-,-,-,2019
 Kodiplus,Consumer products and services,B2B2C,-,-,-,2018
 RevealedThreats,CyberTech,"B2B, B2G, B2C, B2B2C",-,-,-,2019
 iVCV,Business software & HR,B2B,-,-,€ 18.2K,2019
 ProcurementFlow....,Business software & HR,B2B,-,-,€ 11.5K,2019
 Dream Contract,Business software & HR,B2B,-,-,-,2019
 Kiri,Business software & HR,B2B,-,-,-,2019
 healBED,"HealthTech, Life sciences & Wellness","B2B, B2B2C",-,-,€ 8.5K,2016
 Gymwolf,"HealthTech, Life sciences & Wellness","B2C, B2B2C",-,-,-,2019
 flexaa,Business software & HR,"B2B, B2G, B2B2C",1,-,-,2020
 iOnPrint,Consumer products and services,B2B,-,-,-,2020
 GlobalMarketingS...,Business software & HR,B2B,-,-,-,2020
 Excellent Jobs,Business software & HR,"B2B, B2B2C",-,-,-,2016
 ticketsell,AdTech & Creative Tech,B2B,-,-,-,2019
 PIPE,FinTech,B2B,-,-,-,2019
 Woodspot,AgTech & FoodTech,B2B,-,-,-,2019
 Dorfer Games,Gaming,B2B2C,-,-,€ 146.9K,2019
 Hastli,Business software & HR,"B2B, B2C, B2B2C",-,-,-,2020
 Sharewell,Business software & HR,B2B,-,-,-,2020
 CropInsTech,FinTech,B2B,-,-,€ 74,2019
 Deep Vantage,Business software & HR,B2B,1,-,-,2018
 Flokk,Consumer products and services,B2C,-,-,-,2019
 TimeGiven,"HealthTech, Life sciences & Wellness",B2C,-,-,€ 2.1K,2017
 Car Gateway,Transportation & Logistics,"B2B, B2B2C",-,-,-,2019
 Voicie,Communication,B2B,-,-,-,2019
 Marc Wise,Transportation & Logistics,"B2B, C2C, B2C",-,-,-,2018
 HELPMYTASK,Consumer products and services,"C2C, B2B2C",-,-,-,2019
 Velmio,"HealthTech, Life sciences & Wellness",B2C,-,-,-,2019
 FINDE,"HealthTech, Life sciences & Wellness",B2B2C,-,-,-,2019
 Pocketpet,"HealthTech, Life sciences & Wellness",B2B2C,1,-,-,2019
 EduScape,EdTech,B2C,-,-,-,2019
 REXWOOD Mobile S...,Advanced Manufacturing & Industry,"B2B, B2C, B2B2C",-,-,€ 3.8K,2012
 WeGoTrip,TravelTech,"B2G, B2C",-,-,€ 451.6K,2019
 Shoperb,AdTech & Creative Tech,B2B,-,-,-,2014
 Qoffer,Business software & HR,B2B2C,-,-,-,2019
 Cryptoradar,FinTech,B2B2C,-,-,-,2018
 SendGB,Communication,"B2B, B2C",-,-,€ 12.5K,2019
 Persius,AdTech & Creative Tech,"B2B, B2C",-,-,-,2019
 LexyPass,TravelTech,B2C,-,-,-,2019
 todZ,Business software & HR,"B2B, B2C",-,-,€ 3.8K,2019
 Waredock,Transportation & Logistics,B2B,-,-,€ 88.8K,2019
 Carrynet OÜ,Transportation & Logistics,"B2B, C2C",-,-,-,2019
 BizHive OÜ,Business software & HR,"B2B, B2B2C",-,-,-,2020
 WehireAI,Business software & HR,"B2B, B2C, B2B2C",-,-,-,2021
 Ezefs,Business software & HR,"B2B, C2C, B2C",-,-,€ 1.7K,2021
 Wunderbit,FinTech,"B2B, B2C",-,-,-,2018
 KWAD,SpaceTech,"B2B, B2G, B2C",-,-,€ 20,2019
 POSTOPLAN,AdTech & Creative Tech,B2B,-,-,€ 231.8K,2019
 Copilot,Business software & HR,"B2B, B2C",-,-,-,2019
 myCarBI.com,Business software & HR,B2B,-,-,-,2019
 Jetpaxs,TravelTech,"B2B, B2G, C2C, B2C, B2B2C",-,-,-,2019
 Shopalythics,Business software & HR,B2B,-,-,-,2015
 PlasmaPay,FinTech,"B2B, B2G, C2C, B2C, B2B2C",-,-,-,2018
 Shegby,TravelTech,"C2C, B2C",-,-,-,2020
 Speys,Transportation & Logistics,B2B,-,-,-,2016
 Taskeo,Business software & HR,"B2B, B2B2C",-,-,€ 6.2K,2018
 Hablo,"HealthTech, Life sciences & Wellness",B2C,-,-,-,2020
 DUCKT,Transportation & Logistics,"B2B, B2G",-,-,-,2020
 YouTravel.me,TravelTech,"C2C, B2B2C",-,-,€ 32.9K,2019
 ISACHAMP,EdTech,"C2C, B2C, B2B2C",-,-,-,2019
 PayGo,PropTech & Construction,B2B,-,-,€ 21.9K,2019
 Workspace,Business software & HR,B2B,-,-,-,2019
 BePrime,Consumer products and services,B2C,-,-,-,2019
 Cooltivate,CleanTech,B2C,-,-,-,2018
 VUUHH,Business software & HR,"B2B, B2G, B2B2C",-,-,-,2018
 Delivery Hack,Transportation & Logistics,B2B,-,-,€ 14.2K,2019
 HotLead,Consumer products and services,"B2B, C2C, B2C",-,-,€ 15,2020
 SEO.do,Business software & HR,B2B,-,-,-,2019
 Turbo Anchor,Business software & HR,"B2B, B2C, B2B2C",-,-,-,2019
 Nudre,TravelTech,B2B,-,-,-,2019
 vARVR,Advanced Manufacturing & Industry,B2B,-,-,-,2019
 Stylush,Consumer products and services,B2B2C,-,-,-,2019
 UnicornCoach,Communication,B2B2C,-,-,-,2019
 SKYCORP,SpaceTech,"B2B, B2G",2,-,€ 10.3K,2017
 Binker,FinTech,B2C,-,-,-,2018
 ScanAuris,Consumer products and services,B2B2C,-,-,€ 3.5K,2019
 TaskUs,Consumer products and services,"B2B, C2C, B2C, B2B2C",-,-,-,2018
 Share Force One,Business software & HR,-,-,-,-,2020
 Nemo,AdTech & Creative Tech,"B2B, B2C",-,-,-,2018
 Taut,EdTech,"B2B, B2G, B2C",-,-,€ 9.1K,2019
 xappfactory,AdTech & Creative Tech,"B2B, B2C, B2B2C",6,-,€ 11.8K,2020
 Estinext,FinTech,"B2B, B2C",-,-,-,2018
 GrandTime,"HealthTech, Life sciences & Wellness",B2C,-,-,-,2019
 Lixi Invest,FinTech,B2C,-,-,€ 142.6K,2018
 Sunmill,CleanTech,"B2B, B2C",-,-,€ 42.4K,2020
 One Click Feedba...,Business software & HR,"B2B, B2B2C",-,-,-,2020
 Cleanagent,Consumer products and services,B2B2C,-,-,-,2019
 MASC,"HealthTech, Life sciences & Wellness","B2B, B2G",-,-,-,2020
 ProdCamp,Communication,B2B,-,-,€ 741,2020
 Diocreations OÜ,Business software & HR,"C2C, B2C, B2B2C",-,-,-,2018
 FF or Future Fun...,FinTech,"B2B, B2G, C2C, B2C, B2B2C",-,-,-,2019
 Brickfy,FinTech,B2B2C,-,-,€ 40,2019
 C-yber,CyberTech,"B2B, B2G, C2C, B2C, B2B2C",-,-,€ 4K,2019
 Wisora Financial...,FinTech,"B2B, B2G",-,-,€ 6K,2020
 CyberWiseSpace,CyberTech,B2B,-,-,-,2020
 Rapid Bio-Labs O...,"HealthTech, Life sciences & Wellness","B2B, B2C",-,-,-,2019
 ChordChord,Consumer products and services,"B2C, B2B2C",-,-,€ 49.8K,2019
 SetGo,Business software & HR,B2B,-,-,€ 2.1K,2019
 MD Agency,AdTech & Creative Tech,B2B,-,-,€ 153,2019
 VERILOGY,CyberTech,B2B,-,-,-,2020
 SPARQ OU,FinTech,"B2B, B2C",-,-,-,2019
 TeamTwist,Communication,B2B,-,-,-,2021
 MyDogData.com,Consumer products and services,"C2C, B2C",-,-,-,2018
 Tribe Funding,FinTech,"B2C, B2B2C",-,-,€ 41,2020
 ClickLog,Transportation & Logistics,B2B,-,-,€ 10K,2016
 LyncMe,AdTech & Creative Tech,"B2B, B2B2C",-,-,-,2019
 Cappture Softwar...,Business software & HR,B2B,-,-,-,2020
 Portmone,CyberTech,"B2B, B2B2C",-,-,-,2020
 Eliko RTLS,Advanced Manufacturing & Industry,B2B,1,-,€ 121.7K,2019
 PRIVATRON,Business software & HR,B2B,-,-,-,2019
 SolveitNOW,EdTech,B2C,-,-,-,2019
 AuctionVilla.IO,AdTech & Creative Tech,"B2B, C2C, B2C",-,-,-,2020
 Immuniti,"HealthTech, Life sciences & Wellness","B2C, B2B2C",-,-,-,2020
 ZOdish,AgTech & FoodTech,"B2B, B2C, B2B2C",-,-,-,2020
 ARN,TravelTech,"B2B, B2G, B2C",-,-,-,2020
 Stardust,Consumer products and services,"B2C, B2B2C",-,-,-,2020
 Moowle,PropTech & Construction,"B2B, B2C",-,-,-,2017
 Hello Experto,TravelTech,C2C,-,-,-,2020
 Vriendly,Gaming,"B2B, B2G",-,-,-,2021
 FastJobs,Business software & HR,"B2B, C2C, B2C",-,-,-,2020
 Tech Scene,Business software & HR,B2B,-,-,-,2020
 KBaas,Communication,B2B,-,-,-,2020
 eVAT,Business software & HR,"B2B, B2G",-,-,€ 494,2018
 Eranova,SpaceTech,"B2B, B2G",-,-,-,2020
 Rampy,Communication,B2C,-,-,-,2020
 Skyrocket Your T...,Business software & HR,B2B,-,-,-,2020
 PROXXIFY,Consumer products and services,"B2B, B2B2C",-,-,-,2020
 BruceBEM,PropTech & Construction,B2B,-,-,-,2018
 Car4Future Techn...,Transportation & Logistics,"B2B, C2C, B2C, B2B2C",-,-,-,2019
 Hopa Fit,"HealthTech, Life sciences & Wellness",B2B2C,-,-,-,2019
 Swice,Consumer products and services,"B2B, B2C",-,-,-,2020
 Polite,FinTech,B2B2C,-,-,-,2019
 Introwise,Business software & HR,B2B,-,-,-,2019
 DataGateway OÜ,CyberTech,"B2B, B2G, C2C, B2C",-,-,-,2019
 KideoCall,EdTech,B2C,-,-,-,2021
 Capnavi,Communication,"B2B, B2G",-,-,-,2018
 Zilculator,PropTech & Construction,"B2B, B2C",-,-,€ 9.5K,2018
 RouteRavel,TravelTech,"B2C, B2B2C",-,-,-,2020
 TaLoG,Transportation & Logistics,B2B,-,-,€ 275,2020
 Beholder,Business software & HR,B2B,-,-,-,2018
 Gigagig,AdTech & Creative Tech,"C2C, B2C, B2B2C",-,-,-,2020
 HODLNG,FinTech,"B2B, B2G",-,-,-,2019
 Linster,FinTech,B2C,-,-,-,2018
 Apogee Playgroun...,Communication,C2C,-,-,-,2020
 Tamiatics,AgTech & FoodTech,B2B,-,-,€ 2.9K,2019
 KYCer,FinTech,"B2B, B2G, B2B2C",-,-,-,2020
 LogiXdigi,Transportation & Logistics,"B2B, B2G",7,-,-,2020
 4DMarkets,Business software & HR,B2B,-,-,-,2020
 Cyttraction,EdTech,B2B,-,-,-,2020
 Boul,Consumer products and services,B2C,-,-,-,2020
 DiConstr,PropTech & Construction,"B2B, B2C",-,-,-,2020
 Modern Mobility,Transportation & Logistics,"B2G, B2C",-,-,€ 3.2K,2018
 Likemed,"HealthTech, Life sciences & Wellness",B2B,-,-,-,2012
 PAYEST,FinTech,"B2B, B2C, B2B2C",-,-,-,2020
 Tourvidi,TravelTech,"B2B, B2C, B2B2C",-,-,-,2020
 VocDec,"HealthTech, Life sciences & Wellness",B2B2C,-,-,-,2020
 ECiD,CyberTech,B2B2C,-,-,-,2019
 DocuMental,"HealthTech, Life sciences & Wellness","B2B, B2C",3,-,-,2016
 WareApp Inc.,AdTech & Creative Tech,B2C,-,-,-,2019
 Nosi,Consumer products and services,B2B2C,-,-,-,2020
 INDIEDRINKS.DIRE...,Consumer products and services,B2B,-,-,-,2021
 SaveTerm,Advanced Manufacturing & Industry,B2B,-,-,-,2020
 Panak,Consumer products and services,"B2B, B2B2C",-,-,-,2020
 I'm in,AdTech & Creative Tech,B2C,-,-,-,2020
 Peacock,Consumer products and services,C2C,-,-,-,2019
 Larva.io,PropTech & Construction,"B2B, B2B2C",-,-,€ 13.3K,2019
 By Cycle,Business software & HR,"B2B, B2G, B2C",-,-,-,2020
 Story Blanket,FinTech,C2C,-,-,-,2021
 Historiart,AdTech & Creative Tech,"B2B, B2C",-,-,-,2020
 Relocate.me,Business software & HR,"B2B, B2G",-,-,€ 109.9K,2015
 LiquidIntel,Business software & HR,"B2B, B2B2C",-,-,-,2020
 CSpace Hostings,CyberTech,"B2B, B2C, B2B2C",-,-,€ 4.8K,2019
 SEO Expert OÜ,Business software & HR,"B2B, B2B2C",-,-,-,2020
 SATU Laboratory,"HealthTech, Life sciences & Wellness","B2B, B2C, B2B2C",-,-,€ 20.5K,2015
 Ninja Lender,FinTech,B2B2C,-,-,-,2018
 MuvBud,"HealthTech, Life sciences & Wellness","B2B, B2C",-,-,-,2018
 Bondstream,FinTech,"B2B, B2B2C",-,-,-,2018
 accudriver,TravelTech,B2B,-,-,-,2020
 Snakk,Consumer products and services,B2B2C,-,-,-,2020
 LEGID,Business software & HR,"B2B, B2C, B2B2C",-,-,€ 17.5K,2020
 KonnectzIT,Business software & HR,"B2B, B2C, B2B2C",-,-,€ 696,2020
 Film Engineers,AdTech & Creative Tech,"B2B, B2C",-,-,-,2020
 Webnobby,AdTech & Creative Tech,"B2B, B2C",-,-,-,2021
 Skillus,Business software & HR,"C2C, B2C",-,-,€ 506,2020
 NITEX,Advanced Manufacturing & Industry,"B2B, B2B2C",-,-,-,2019
 Remoco,Business software & HR,B2B,-,-,-,2020
 Medicalab App,"HealthTech, Life sciences & Wellness",B2C,-,-,-,2020
 Sleep Timer,"HealthTech, Life sciences & Wellness","B2B, B2C",-,-,€ 14.3K,2019
 Hanse Digital Ac...,FinTech,B2B2C,4,-,-,2018
 SimiaRoom,"HealthTech, Life sciences & Wellness","C2C, B2B2C",-,-,-,2019
 Artificial Track...,Transportation & Logistics,"B2B, B2G",-,-,-,2020
 Keenon Robotics,"HealthTech, Life sciences & Wellness",B2B,-,-,-,2020
 Green Bee,AgTech & FoodTech,"B2B, B2C, B2B2C",-,-,-,2019
 Bugbounter,CyberTech,"B2B, B2G",-,-,€ 12.5K,2020
 Fracture Labs ga...,Gaming,"B2B, B2C",-,-,€ 245.6K,2019
 Omniwire Estonia,FinTech,B2B2C,3,-,-,2020
 Z7.Forest,AgTech & FoodTech,"B2B, B2G",-,-,-,2020
 Precisionise OÜ,AgTech & FoodTech,"B2B, B2G",-,-,-,2020
 Adorney.io,PropTech & Construction,"B2B, C2C, B2C, B2B2C",-,-,-,2021
 biletwise,Consumer products and services,"B2B, B2G, C2C, B2C, B2B2C",-,-,€ 29.6K,2019
 EasyCart,Consumer products and services,B2B2C,-,-,-,2021
 Grünfin,FinTech,B2C,-,-,-,2020
 Fullsepp,Consumer products and services,"C2C, B2C, B2B2C",-,-,-,2020
 Coinmedia.io,AdTech & Creative Tech,B2B,-,-,-,2017
 Zenflower,Consumer products and services,"B2B, B2C",-,-,-,2020
 BlogTec,AdTech & Creative Tech,B2B,-,-,€ 222.5K,2020
 Captor,Business software & HR,B2B,1,-,-,2019
 Recovered Carbon,CleanTech,"B2B, B2G, B2C",-,-,-,2021
 Forstod,Consumer products and services,"B2G, B2B2C",-,-,-,2021
 Selex,Consumer products and services,"B2C, B2B2C",-,-,-,2021
 FLOWSTAMP,PropTech & Construction,"B2B, C2C, B2B2C",-,-,€ 21.6K,2020
 WORKEREST,Business software & HR,"B2B, C2C, B2C",-,-,-,2019
 Voxmate,Consumer products and services,B2C,-,-,-,2021
 litegrav.AI,"HealthTech, Life sciences & Wellness","B2B, B2C",-,-,-,2021
 AssistBot,Business software & HR,B2B,-,-,-,2020
 ADintel,AdTech & Creative Tech,B2B,-,-,-,2020
 TicketO Mobility,Transportation & Logistics,"B2B, B2C, B2B2C",-,-,-,2021
 Bonsay,Business software & HR,B2B,-,-,€ 222.1K,2021
 ProProtein,AgTech & FoodTech,B2B,-,-,-,2021
 CitiZen Tech,Communication,"B2B, B2G, B2C, B2B2C",-,-,-,2021
 HRBLADE,Business software & HR,B2B,-,-,€ 11.8K,2021
 NITL App,Communication,"B2B, B2B2C",-,-,-,2020
 Fleete,Transportation & Logistics,"B2B, B2G, B2B2C",-,-,-,2019
 Uplance,Consumer products and services,"B2B, B2C, B2B2C",-,-,-,2021
 Breach Vessel,CyberTech,"B2B, B2C",-,-,-,2021
 Commvibe.com,Communication,C2C,-,-,-,2021
 MOST TECHNOLOGY,Business software & HR,"B2B, B2B2C",-,-,-,2021
 Actinis MDM,CyberTech,"B2B, B2G, B2C",-,-,-,2020
 DosOpt,"HealthTech, Life sciences & Wellness","B2B, B2C",-,-,-,2019
 AgencyPin,Business software & HR,B2B,-,-,€ 649,2020
 Viigerlind Astra,SpaceTech,"B2G, B2C",-,-,-,2015
 LeelaGameIn,"HealthTech, Life sciences & Wellness",B2C,-,-,-,2021
 Pankhtech,"HealthTech, Life sciences & Wellness","B2C, B2B2C",-,-,-,2020
 Chain TLM,Transportation & Logistics,B2B,-,-,-,2019
 Lucky Wheel,AdTech & Creative Tech,B2B,-,-,-,2020
 Tiramisu,Consumer products and services,B2B2C,-,-,-,2020
 DataStake,Business software & HR,B2B,-,-,€ 32.9K,2021
 Evenstad,Business software & HR,B2B,-,-,€ 56,2020
 Upty,Consumer products and services,B2C,-,-,-,2018
 THE Entify,CyberTech,-,1,-,-,2019
 Binaryx,FinTech,"B2B, B2C",-,-,-,2019
 talkie.digital,Communication,"B2B, B2B2C",-,-,-,2021
 Bettybox.online,Gaming,B2C,-,-,-,2021
 Survease,Communication,B2B,-,-,€ 1.6K,2015
 MealBot,"HealthTech, Life sciences & Wellness",B2C,-,-,-,2020
 Coffeehouse,Communication,"C2C, B2C",-,-,-,2021
 Creative Music,AdTech & Creative Tech,B2B,-,-,-,2021
 Agrovisio,AgTech & FoodTech,"B2B, B2G",-,-,€ 28,2021
 Wily Messenger,Communication,"B2C, B2B2C",1,-,-,2021
 CareerTail,EdTech,B2B2C,-,-,-,2021
 Relaxo,"HealthTech, Life sciences & Wellness",B2C,-,-,-,2020
 Taxigo,Transportation & Logistics,"B2C, B2B2C",-,-,€ 119.1K,2015
 Holt,Consumer products and services,"B2B, B2G, C2C, B2C",-,-,-,2020
 HeyHorsy,Consumer products and services,"B2C, B2B2C",-,-,-,2020
 Pickitwise,AgTech & FoodTech,"B2B, B2B2C",-,-,-,2021
 Neurosalience,"HealthTech, Life sciences & Wellness","B2B, B2G",-,-,-,2020
 Taskberry,Business software & HR,B2B,-,-,-,2020
 Connectter,Business software & HR,"B2B, B2B2C",-,-,-,2020
 Fyself,Consumer products and services,B2B2C,-,-,-,2020
 2local,FinTech,"B2B, B2C",1,-,-,2021
 Norby,Communication,"B2B, B2B2C",-,-,€ 3K,2020
 Dcodx Cybersecur...,CyberTech,B2B,-,-,€ 39.8K,2020
 Takumi DRIVE,Communication,B2B,-,-,-,2018
 SciBear,"HealthTech, Life sciences & Wellness","B2B, B2C",-,-,-,2021
 Harbour AR,Transportation & Logistics,B2B,-,-,-,2022
 Tatari Puhastus,Consumer products and services,"B2B, B2C, B2B2C",1,-,€ 9.6K,2019
 Gearbox Bioscien...,"HealthTech, Life sciences & Wellness",B2B,-,-,€ 899,2021
 Paradigm Shift,Business software & HR,"B2B, B2B2C",-,-,€ 7.7K,2016
 Cyber Hermes OÜ,CyberTech,B2B,-,-,€ 238,2021
 Inskillz,EdTech,"B2B, B2G, B2C",-,-,-,2021
 SoilWatch,CleanTech,B2B,-,-,-,2021
 Amazon Sellers S...,Business software & HR,B2B,-,-,-,2022
 ScootAPI,Transportation & Logistics,B2B,-,-,€ 30.5K,2020
 Naabrid,Consumer products and services,B2B,-,-,€ 2.2K,2019
 Zevolv,CleanTech,"B2B, B2G, B2C, B2B2C",-,-,-,2020
 The Rewear Compa...,Consumer products and services,"C2C, B2C, B2B2C",-,-,€ 956,2021
 RillRate,Business software & HR,B2B2C,-,-,-,2021
 RingKarp,Consumer products and services,"B2B, B2B2C",-,-,€ 7.7K,2020
 Leela.ai,Communication,B2B,-,-,-,2021
 attained.ai,"HealthTech, Life sciences & Wellness","B2B, B2G, B2C",-,-,-,2021
 Infinder,Business software & HR,"B2B, B2C",-,-,-,2021
 Suji Games,Gaming,B2C,-,-,€ 427.5K,2019
 Kelp.Digital,AdTech & Creative Tech,B2B2C,-,-,€ 28.3K,2021
 VAAL Airships,SpaceTech,B2B,-,-,-,2021
 sonnefy,CleanTech,B2B,-,-,-,2021
 Sherpa,Consumer products and services,"B2B, B2C",-,-,-,2021
 WebLock,Business software & HR,B2B,-,-,-,2022
 Mindsera,Consumer products and services,"B2B, B2C",-,-,€ 864,2021
 Plyke,CleanTech,B2B,-,-,-,2020
 Spotter,Consumer products and services,"B2B, B2C",-,-,-,2021
 Collaboracia,Business software & HR,"B2B, B2G, B2C, B2B2C",-,-,-,2021
 InHoud,AdTech & Creative Tech,B2B,-,-,-,2021
 GV Correct,"HealthTech, Life sciences & Wellness",B2C,-,-,-,2020
 Fixmytruck,Business software & HR,B2B,-,-,-,2021
 FlexiWool,Advanced Manufacturing & Industry,"B2B, B2C",-,-,€ 85,2020
 Tour Motor,Consumer products and services,B2B2C,-,-,€ 767,2020
 Drinkie,Consumer products and services,B2C,-,-,-,2021
 Koik App Oü,Consumer products and services,B2B2C,-,-,-,2021
 Bidsly,Consumer products and services,"C2C, B2C",-,-,-,2020
 Briden,PropTech & Construction,B2B,-,-,-,2020
 SISIFLOW,FinTech,B2B,-,-,€ 255,2021
 Stafflow,Business software & HR,B2B,-,-,-,2020
 SimpleLive,Communication,B2B,-,-,-,2022
 Kustmann,Gaming,"B2B, B2C",-,-,-,2020
 Fintellect,FinTech,B2B,-,-,-,2021
 Zumud,FinTech,C2C,-,-,€ 36.7K,2021
" EyeMotion, Globa...",Gaming,"B2B, B2C",-,-,-,2021
 DroneScan,Transportation & Logistics,B2B,-,-,-,2021
 Smart Tap,Communication,-,1,-,-,2021
 Cardoo,FinTech,B2B2C,1,-,-,2021
 EIMIO,Business software & HR,B2B,-,-,€ 243,2021
 Phenon,FinTech,"B2B, B2C, B2B2C",-,-,-,2019
 BILPP GO,Business software & HR,"B2B, B2G, C2C, B2C, B2B2C",-,-,-,2020
 Foodapp,Consumer products and services,B2B2C,-,-,-,2021
 Bankoff,FinTech,"B2B, B2C, B2B2C",-,-,-,2022
 Reyo apps,"HealthTech, Life sciences & Wellness","B2G, C2C, B2C, B2B2C",-,-,-,2021
 eCheiron,EdTech,B2C,-,-,-,2020
 Lawato,Business software & HR,B2B,-,-,-,2021
 Calqulate,FinTech,B2B,-,-,-,2021
 MLIST,Communication,B2C,-,-,-,2020
 89COINS,Business software & HR,"B2B, B2C",-,-,€ 31,2020
 Playfaire,Consumer products and services,"C2C, B2C",-,-,-,2021
 Claivo,"HealthTech, Life sciences & Wellness",B2B,-,-,-,2021
 Dattiva (Formerl...,Advanced Manufacturing & Industry,B2B,-,-,-,2021
 OTA Sync,TravelTech,"B2B, B2C",-,-,€ 32.6K,2021
 Floggy,Consumer products and services,"B2B, B2C",-,-,-,2021
 Tikker piletid O...,Consumer products and services,"C2C, B2C",-,-,-,2021
 Getpin,Communication,"B2B, B2C",-,-,€ 4.9K,2021
 Nelma.io,"HealthTech, Life sciences & Wellness","C2C, B2C",-,-,€ 4.1K,2021
 Hologram Design,AdTech & Creative Tech,"B2B, B2C, B2B2C",-,-,-,2020
 Fintruck,Transportation & Logistics,B2B,-,-,-,2020
 Peppela,Transportation & Logistics,"B2B, B2C",-,-,-,2018
 Decomer Technolo...,CleanTech,"B2B, B2B2C",-,-,-,2018
 NOFOBI,"HealthTech, Life sciences & Wellness",B2C,-,-,-,2021
 Hotelwise,TravelTech,"B2B, B2C",-,-,-,2020
 Seekmake.com,Advanced Manufacturing & Industry,"B2B, B2B2C",-,-,-,2022
 uScore,AdTech & Creative Tech,B2B,-,-,-,2021
 PopSpot,Communication,"C2C, B2C",-,-,€ 4.5K,2021
 Zikaron Technolo...,Consumer products and services,"B2C, B2B2C",-,-,-,2021
 sudocs,Business software & HR,B2B,1,-,-,2022
 unigift,AdTech & Creative Tech,"C2C, B2C",-,-,-,2023
 Streamster,AdTech & Creative Tech,B2C,-,-,€ 17.9K,2021
 Coortex APS,Advanced Manufacturing & Industry,B2B,-,-,€ 73,2021
 Donnie Connect,EdTech,B2C,-,-,-,2022
 ZenFrogs,Gaming,-,-,-,-,2021
 Queue OÜ,Consumer products and services,B2B2C,-,-,-,2021
 Collaq,Business software & HR,B2B,-,-,-,2021
 GOLDEN BUSINESS ...,Business software & HR,"B2B, B2B2C",-,-,€ 10.6K,2021
 Wiply,Communication,"B2B, B2G, C2C, B2C, B2B2C",-,-,€ 24,2022
 Ballwool,Consumer products and services,"C2C, B2C",-,-,-,2019
 UrbanTask,Consumer products and services,"C2C, B2C",-,-,-,2021
 Soshace,Business software & HR,B2B,-,-,-,2019
 Prote,Consumer products and services,"B2B, B2C",1,-,€ 13.1K,2021
 GanttProject Clo...,Business software & HR,"B2B, B2C",-,-,-,2020
 Setiry,Business software & HR,"B2B, B2C",-,-,€ 128K,2017
 Mana Break,Gaming,B2B2C,-,-,€ 153.2K,2021
 Coconut Game,Gaming,B2C,-,-,-,2021
 MultiCraft,Gaming,B2C,-,-,€ 72.9K,2021
 forYou OÜ,"HealthTech, Life sciences & Wellness","B2C, B2B2C",-,-,-,2021
 KEEP,FinTech,B2B,-,-,-,2021
 Glitter Finance,FinTech,"B2B, B2C, B2B2C",-,-,-,2021
 Rhombuss Mobilit...,Transportation & Logistics,B2B,-,-,-,2021
 Volee,Business software & HR,B2B,-,-,€ 20.4K,2021
 Drillin,Consumer products and services,B2B2C,-,-,-,2022
 STRONG Dome Home,Advanced Manufacturing & Industry,"B2B, B2G, B2B2C",-,-,-,2021
 BuildrLink,PropTech & Construction,B2B,-,-,-,2020
 Artano,FinTech,"B2B, C2C",-,-,-,2021
 Nerdish,EdTech,B2C,-,-,€ 17.1K,2020
 MatrixWave,SpaceTech,"B2B, B2G",-,-,-,2022
 Twin Crab,Gaming,B2C,-,-,€ 29.9K,2021
 TrustLynx,Business software & HR,"B2B, B2G, B2B2C",1,-,€ 42.4K,2023
 Quidax,FinTech,"B2B, B2C",-,-,-,2022
 Guul Games,Gaming,"B2B, B2C",-,-,-,2022
 FinConsult,FinTech,B2C,-,-,-,2022
 HealthPhy,"HealthTech, Life sciences & Wellness",B2B2C,-,-,€ 3K,2022
 Lingava,EdTech,"B2B, B2G, B2C, B2B2C",-,-,-,2021
 Original Games O...,Gaming,B2C,-,-,-,2018
 Flant,Business software & HR,B2B,-,-,€ 776K,2018
 Cybeerly,EdTech,B2B2C,-,-,-,2022
 GEMEL,Advanced Manufacturing & Industry,"B2B, B2G, B2C, B2B2C",-,-,-,2019
 GIANT AI,Advanced Manufacturing & Industry,B2B,-,-,-,2022
 Cyphergram,Business software & HR,B2B,-,-,-,2021
 ConstantRobotics,Advanced Manufacturing & Industry,B2B,-,-,-,2021
 PANGEYA,Consumer products and services,"B2B, B2B2C",-,-,€ 8.7K,2020
 Mellyn,CyberTech,B2B,-,-,-,2022
 Shop-E One (TM),Consumer products and services,"B2B, B2C",-,-,-,2021
 Second Breath,Advanced Manufacturing & Industry,B2B,-,-,€ 7.9K,2021
 CoinTurtle,FinTech,"B2B, B2C, B2B2C",-,-,-,2022
 Deskrupter,Communication,B2B,-,-,-,2021
 KOOHOO,TravelTech,"B2B, B2C",-,-,-,2020
 Lendorse,FinTech,B2B2C,-,-,-,2022
 Teach-Points,EdTech,"B2B, B2B2C",-,-,-,2018
 bitPerk,Business software & HR,B2B,1,-,€ 687,2021
 edy,Transportation & Logistics,B2B2C,-,-,-,2014
 4turtles,FinTech,"B2B, B2C",-,-,-,2020
 Dewstack,Communication,B2B,-,-,€ 49,2022
 Rentity,PropTech & Construction,"C2C, B2C, B2B2C",-,-,-,2022
 Pocket IP,Business software & HR,"B2B, B2B2B, B2B2C",-,-,€ 33.5K,2022
 Weld Money,FinTech,"B2B, B2C",-,-,-,2021
 Freerange Lamas,FinTech,B2C,-,-,€ 30.8K,2022
 Digiciti,CyberTech,"B2B, B2G, C2C, B2C, B2B2C",-,-,-,2020
 mbuzi24.com,AgTech & FoodTech,B2C,-,-,-,2021
 the Articlos,AdTech & Creative Tech,B2C,-,-,-,2022
 Pinghome,Consumer products and services,"B2B, B2C",-,-,€ 5.8K,2022
 Ticketsetup,Business software & HR,B2B,-,-,-,2022
 sign.online,Business software & HR,"B2B, B2C, B2B2C",-,-,-,2022
 Anyflexo,Advanced Manufacturing & Industry,B2B,-,-,-,2021
 nopilot,Business software & HR,"B2B, B2B2C",-,-,€ 1.4K,2021
 Fixpark,CyberTech,B2B,-,-,-,2018
 Zillion Pitches,Business software & HR,"B2C, B2B2C",-,-,-,2020
 Kohalt,CleanTech,B2B,-,-,-,2021
 Cognitiwe AI,CleanTech,B2B,-,-,€ 59.3K,2021
 HopLocal,Business software & HR,B2B,-,-,-,2020
 Firerun,Transportation & Logistics,"B2B, B2C, B2B2C",-,-,-,2020
 Silklytics,"HealthTech, Life sciences & Wellness",B2B,-,-,-,2023
 easyref,AdTech & Creative Tech,"B2B, B2C",-,-,€ 18,2022
 Rescraps,CleanTech,B2B,-,-,-,2021
 OptiRail Est,Transportation & Logistics,B2B,-,-,-,2022
 Mumei,Business software & HR,B2B,-,-,-,2022
 Heatsync,CleanTech,B2B,-,-,€ 209,2022
 Filaret,CleanTech,"B2B, B2B2C",-,-,€ 5.4K,2022
 Mintmade,FinTech,B2B,-,-,-,2021
 RedoxNRG,CleanTech,"B2B, B2G, C2C, B2C, B2B2C",-,-,-,2021
 Rendipood.ee,Consumer products and services,"B2B, C2C, B2C",-,-,-,2021
 FoundCase,Consumer products and services,"C2C, B2C",-,-,-,2021
 heybooster,AdTech & Creative Tech,B2B,-,-,€ 11.9K,2021
 Food Filter,"HealthTech, Life sciences & Wellness",B2C,-,-,-,2023
 BlurBay,AdTech & Creative Tech,"B2B, C2C, B2C, B2B2C",-,-,€ 24.1K,2022
 ClimaCash,CleanTech,"B2C, B2B2C",-,-,€ 3.5K,2022
 Acounto,FinTech,B2B,-,-,€ 1.1K,2020
 Swapin.com,FinTech,"B2B, B2C, B2B2C",-,-,-,2018
 Bloom (Retail),Business software & HR,"B2B, B2C, B2B2C",-,-,-,2020
 Tiplay,Gaming,"B2C, B2B2C",-,-,€ 140.5K,2020
 Suppy,Consumer products and services,"B2B, B2C",-,-,€ 274,2021
 Low imPACK,Consumer products and services,"B2B, B2B2C",-,-,€ 8.9K,2022
 We Care,"HealthTech, Life sciences & Wellness","B2B, B2C, B2B2C",-,-,-,2022
 Chameo,AdTech & Creative Tech,"B2B, B2B2C",-,-,-,2022
 Coinracer,Gaming,B2C,-,-,-,2021
 Cylon Accounting,FinTech,B2B,-,-,-,2022
 Primsell,FinTech,"B2B, B2B2C",-,-,-,2022
 NFTing,FinTech,B2B2C,-,-,-,2022
 Essence app,"HealthTech, Life sciences & Wellness",B2B2C,-,-,-,2022
 Shypper Technolo...,Transportation & Logistics,B2B,-,-,-,2022
 Plantos,AgTech & FoodTech,-,-,-,€ 14.2K,2020
 Kaarik,Transportation & Logistics,-,-,-,-,2021
 Flxion,Business software & HR,-,-,-,€ 22K,2021
 Dento,"HealthTech, Life sciences & Wellness",B2B2C,-,-,€ 20.5K,2013
 Rent&Go,Transportation & Logistics,B2C,-,-,-,2022
 Tuker,Consumer products and services,B2C,-,-,-,2020
 Fudy,Consumer products and services,"B2B, B2C",-,-,-,2021
 Future Dialog,Communication,"B2B, B2G",-,-,€ 11.9K,2021
 Key2enable Assis...,EdTech,"B2B, B2G, B2B2C",-,-,-,2022
 Uniborn.com,FinTech,"C2C, B2C, B2B2C",-,-,€ 1.1K,2022
 Justacart,Consumer products and services,B2B,-,-,-,2022
 Max Game Value,Gaming,B2B2C,-,-,€ 483,2021
 Roadly,Transportation & Logistics,"B2B, B2C",-,-,€ 26K,2021
 Pirsik OÜ,TravelTech,B2B2C,-,-,-,2022
 Eppie,Communication,B2C,-,-,-,2017
 BzCall.com,Consumer products and services,"B2B, C2C, B2C",-,-,-,2021
 Journo Birds,Communication,B2C,-,-,-,2022
 FUNKI,AgTech & FoodTech,"B2B, B2B2C",3,-,-,2022
 BARIKI,CleanTech,"B2B, B2C, B2B2C",-,-,-,2020
 Thrift,FinTech,"B2B, B2C",-,-,-,2022
 Heavnn,FinTech,B2B2C,-,-,-,2021
 Postnest,Transportation & Logistics,"B2B, C2C, B2C",-,-,-,2022
 Lumoflex,CleanTech,"B2B, B2G",-,-,-,2014
 LeadFellow,Business software & HR,B2B,-,-,-,2022
 Right5,"HealthTech, Life sciences & Wellness","B2B, B2C",-,-,-,2022
 CARÁ Health,"HealthTech, Life sciences & Wellness","B2B, B2C",-,-,-,2022
 Hyperlab Games,Gaming,B2C,-,-,€ 138K,2021
 Nerian,AdTech & Creative Tech,"B2B, B2C",-,-,-,2022
 CaaSocio OÜ,AdTech & Creative Tech,B2B,-,-,€ 28.3K,2020
 Flyport OÜ,TravelTech,"B2C, B2B2C",-,-,-,2021
 Bakksy,FinTech,B2C,-,-,-,2022
 Mini Course Gene...,AdTech & Creative Tech,"B2B, B2C",-,-,-,2021
 Textier,Business software & HR,B2B,-,-,€ 2.6K,2021
 MinitePay,FinTech,B2B,-,-,-,2022
 Hygge Games,Gaming,"B2B, B2C",-,-,€ 72K,2021
 Shared Domains,Communication,"B2B, B2C",-,-,€ 643K,2020
 Partage,PropTech & Construction,"B2C, B2B2C",-,-,€ 453,2020
 Easyplan,Business software & HR,B2B,-,-,€ 16.3K,2021
 vectiopep,"HealthTech, Life sciences & Wellness",B2B,-,-,-,2022
 Breach.gg,Communication,B2B2C,-,-,€ 184.9K,2021
 Rucapen Labs,FinTech,"B2C, B2B2C",-,-,-,2022
 Forgo,Consumer products and services,B2B2C,-,-,-,2023
 Theraheal,"HealthTech, Life sciences & Wellness",-,-,-,-,2022
 Fast Grocery,Consumer products and services,B2B2C,-,-,-,2022
 hosstinn,EdTech,B2B,-,-,-,2021
 Nowal,FinTech,B2B2C,-,-,-,2021
 The WILD,Gaming,"B2B, C2C, B2C",-,-,-,2020
 Unicis.Tech OÜ,CyberTech,B2B,-,-,€ 14,2022
 FudLoop,CleanTech,B2C,-,-,-,2021
 HOM PLATFORM,TravelTech,B2B,-,-,-,2023
 DermaLuminal,"HealthTech, Life sciences & Wellness","B2B, B2B2C",-,-,-,2019
 Pandectes,Consumer products and services,B2B,-,-,€ 61.3K,2022
 Zero Labs,CleanTech,"B2B, B2B2C",-,-,€ 42.1K,2022
 Phygit,AdTech & Creative Tech,B2B,-,-,-,2015
 Gametator,Gaming,B2C,-,-,€ 29.8K,2021
 Apavoice,"HealthTech, Life sciences & Wellness",B2B2C,-,-,-,2022
 Analyzist,AdTech & Creative Tech,B2B,-,-,-,2021
 Starivest,FinTech,B2B,-,-,-,2022
 Bankery,FinTech,B2B2C,-,-,-,2022
 Scraply,Consumer products and services,B2B2C,-,-,-,2022
 MOTIVEER,Business software & HR,B2B,-,-,-,2020
 Grenefy,PropTech & Construction,"B2B, B2C, B2B2C",-,-,-,2022
 DLDB,Business software & HR,B2B,-,-,-,2021
 Fanball365,Gaming,B2C,-,-,-,2022
 iBrand Developme...,Business software & HR,"B2B, C2C",-,-,-,2022
 DadPardaz,Business software & HR,"B2C, B2B2C",-,-,-,2022
 Portal Technolog...,Consumer products and services,B2B2C,-,-,-,2021
 KNW Technologies,Transportation & Logistics,B2B,-,-,€ 5K,2021
 In2view,AdTech & Creative Tech,"B2B, B2B2C",-,-,-,2022
 Right Step,"HealthTech, Life sciences & Wellness","B2B, B2B2C",-,-,-,2023
 SDN Europe LLC,PropTech & Construction,"B2B, B2G, B2B2C",-,-,-,2021
 Catalyst Labs,Consumer products and services,"B2B, B2G, B2C, B2B2C",-,-,-,2022
 MAP-U,Transportation & Logistics,"B2B, C2C, B2C, B2B2C",1,-,€ 2.3K,2021
 Leet9 OÜ,Gaming,B2B2C,-,-,-,2023
 Mentorun,"HealthTech, Life sciences & Wellness",B2B2C,-,-,-,2023
 Bob Makler,PropTech & Construction,"B2C, B2B2C",1,-,-,2023
 Cause,"HealthTech, Life sciences & Wellness","B2C, B2B2C",-,-,-,2021
 WiseClean,Consumer products and services,B2B2C,-,-,€ 4.4K,2022
 Shtuka Research,FinTech,B2B,-,-,-,2023
 Biteful,Business software & HR,B2B,-,-,€ 85,2022
 Any Games,Gaming,B2C,-,-,€ 152K,2020
 Ovoro,FinTech,B2C,-,-,€ 1.2K,2022
 Oyuneks,Consumer products and services,C2C,-,-,-,2022
 The Pack Studios,Gaming,B2C,-,-,-,2022
 Crescive Games,Gaming,B2C,-,-,-,2022
 JitMeal,Business software & HR,B2B,-,-,€ 5.9K,2021
 Bikapsul,Communication,B2C,-,-,-,2022
 ReStaffy,Business software & HR,B2B,-,-,-,2022
 Zindhu,Business software & HR,"B2B, B2C",-,-,-,2022
 Fooodapp,Business software & HR,"B2B, B2B2C",-,-,-,2020
 Pong Heroes,Gaming,B2C,-,-,-,2022
 Flowstep,AdTech & Creative Tech,B2B,-,-,€ 2.9K,2023
 MyGames - Simple...,"HealthTech, Life sciences & Wellness","B2C, B2B2C",-,-,€ 1.6K,2019
 ThinFacility,CleanTech,B2B,-,-,-,2023
 Klareva,AgTech & FoodTech,B2B,-,-,-,2023
 RobotQA,Business software & HR,B2B,-,-,-,2021
 GaltTec,CleanTech,B2B,-,-,€ 9.5K,2022
 FreshSens,AgTech & FoodTech,B2B,-,-,€ 18,2023
 Eetos,Consumer products and services,B2C,-,-,-,2023
 Raal.io,Business software & HR,B2B,-,-,-,2023
 Finbay,FinTech,B2C,-,-,-,2022
 Akurateco,FinTech,B2B,1,-,€ 31.2K,2022
 Distance Tech,Business software & HR,B2B,-,-,-,2017
 Catsitting platf...,Consumer products and services,"B2C, B2B2C",-,-,-,2023
 Sellect,Transportation & Logistics,"B2B, B2C",-,-,-,2022
 Scramble,FinTech,"B2B, B2C",1,-,-,2020
 Futpal,"HealthTech, Life sciences & Wellness","B2C, B2B2C",-,-,€ 3.6K,2021
 DLT Payments,FinTech,B2B,-,-,€ 873,2022
 Mismaksab,Consumer products and services,B2B2C,-,-,-,2019
 theklen.ai,Business software & HR,B2B,2,-,-,2014
 Lingobo,EdTech,B2B,-,-,-,2022
 pakoo,CleanTech,B2B,-,-,€ 4K,2021
 Producter,Business software & HR,B2B,-,-,€ 8K,2022
 Willuwalk,"HealthTech, Life sciences & Wellness","B2B, B2C",-,-,-,2022
 Go4Loyal,TravelTech,"B2B, B2C",-,-,-,2023
 Augmental,"HealthTech, Life sciences & Wellness","B2B, B2C",-,-,-,2023
 Everyrun,"HealthTech, Life sciences & Wellness",B2B2C,-,-,€ 6.2K,2021
 Augmented Retail,Consumer products and services,"B2C, B2B2C",-,-,-,2020
 MindSee,"HealthTech, Life sciences & Wellness","B2B, B2C",-,-,-,2023
 Cyberyal,Gaming,"C2C, B2C",-,-,-,2022
 Manofix,Consumer products and services,"B2B, C2C, B2C",-,-,-,2021
 AILAND,Gaming,"B2B, B2C",-,-,-,2023
 Salesforge,Business software & HR,B2B,-,-,-,2023
 Aeg on raha,Communication,B2C,-,-,-,2023
 mmnt,Communication,"B2B, B2C",-,-,-,2018
 PitchBob.io,Business software & HR,"B2B, B2C",-,-,-,2020
 Classreaders,EdTech,"B2B, B2C, B2B2C",-,-,-,2023
 Flai Analytics,AdTech & Creative Tech,B2B2C,-,-,-,2022
 EsaDres,"HealthTech, Life sciences & Wellness","B2B, B2G, B2B2C",-,-,-,2023
 Tecooli,Consumer products and services,"B2B, B2B2B, B2G, B2C, B2B2C",-,-,€ 469,2019
 GaiaHub,CleanTech,"B2B, B2G",-,-,-,2023
 Playerbank,Business software & HR,"B2B, B2C",-,-,-,2023
 Reality Metavers...,FinTech,-,-,-,-,2022
 The J. Molner Co...,"HealthTech, Life sciences & Wellness",-,-,-,-,2020
 Hacken Proof,CyberTech,-,-,-,-,2017
 Zetly Fueling Sp...,Consumer products and services,"B2B, B2B2B, B2C, B2B2C",-,-,€ 8.3K,2021
 Value.Space,SpaceTech,-,-,-,-,2022
 Perfect.Live,Consumer products and services,-,-,-,-,2017
 Drug Hunter,"HealthTech, Life sciences & Wellness",-,-,-,-,2021
 Remotify,FinTech,"B2B, B2C",-,-,-,2022
 SubSavey,FinTech,"B2B, B2C",-,-,€ 11.8K,2022
 Avsos,Transportation & Logistics,B2B,-,-,-,2022
 Brandimpact,Consumer products and services,"B2B, C2C",-,-,-,2022
 Botastico,Business software & HR,"B2B, B2G, B2C",-,-,-,2023
 Vahetused.ee,"HealthTech, Life sciences & Wellness","B2B, B2B2C",-,-,-,2021
 Inspectle Food,AgTech & FoodTech,B2B,-,-,€ 1.9K,2022
 1MTN,CleanTech,"B2B, B2G, B2B2C",-,-,-,2022
 Memberse,AdTech & Creative Tech,B2B2C,-,-,-,2020
 UXO,Business software & HR,B2B,-,-,-,2021
 RaiserTools,AdTech & Creative Tech,"B2B, B2C, B2B2C",1,-,-,2023
 FORUS,Transportation & Logistics,"B2B, C2C, B2C",-,-,-,2021
 MarkeDroid,CleanTech,"B2B, B2C",-,-,-,2023
 Schoolify,EdTech,B2C,-,-,-,2021
 Innoair,CleanTech,B2B2C,-,-,-,2022
 Project Atlantis...,CyberTech,"B2B, B2C",-,-,-,2023
 Treendly,Consumer products and services,"B2B, B2B2C",-,-,-,2020
 NEFT,FinTech,"B2B, B2C, B2B2C",-,-,-,2022
 MITI,FinTech,B2B,-,-,-,2020
 Reboot Games,Gaming,B2C,-,-,€ 6.9K,2020
 Tings,Consumer products and services,"B2B, C2C, B2C, B2B2C",-,-,-,2018
 Esgrid,Business software & HR,B2B,-,-,-,2023
 TipTape,Consumer products and services,"B2B, B2C",-,-,-,2021
 EAS Project,FinTech,B2B,-,-,-,2021
 CryptoRobotics,FinTech,B2B2C,-,-,-,2021
 Bamble,Business software & HR,"B2B, B2B2B",-,-,-,2022
 DriveX Technolog...,Transportation & Logistics,"B2B, B2G, B2C",-,-,-,2019
 Bitzet,FinTech,"B2B, B2B2B, B2B2C",-,-,-,2021
 Scoot911,Transportation & Logistics,"B2B, B2C",-,-,€ 1.1K,2016
 Karma App,Consumer products and services,B2C,-,-,-,2023
 ChatLegal,Business software & HR,"B2B, B2C",-,-,-,2023
 Hoolduskeskus,Transportation & Logistics,B2B,-,-,-,2021
 Scorestars,Consumer products and services,"B2C, B2B2C",-,-,-,2020
 Beep,Communication,B2B,-,-,-,2023
 Ziv4,FinTech,"B2B, B2C",-,-,-,2023
 Baun,Consumer products and services,-,-,-,-,2022
 Ratel Robotics,SpaceTech,-,-,-,-,2023
 Tocharian,CyberTech,B2B,-,-,-,2023
 Koduandur OÜ,"HealthTech, Life sciences & Wellness","B2B, B2G, B2C",-,-,-,2019
 Forecr.io,Advanced Manufacturing & Industry,B2B,-,-,-,2022
